#GPU,GPU type,Calc type,Topology,Time,Performance
1,A100,HF Energy, 1, 0.14004, 0.000844
1,A100,HF Energy, 2, 0.322969, 0.002186
1,A100,HF Energy, 3, 0.455156, 0.004501
1,A100,HF Energy, 4, 0.731588, 0.006136
1,A100,HF Energy, 5, 1.084653, 0.007703
1,A100,HF Energy, 6, 1.447987, 0.009651
1,A100,HF Energy, 7, 1.9524, 0.0111
1,A100,HF Energy, 8, 2.502264, 0.0127
1,A100,HF Energy, 9, 3.080658, 0.01449
1,A100,HF Energy, 10, 3.68401, 0.016440000000000003
1,A100,HF Energy, 11, 4.404757, 0.01813
1,A100,HF Energy, 12, 5.205124, 0.01977
1,A100,HF Energy, 13, 6.085651, 0.02136
1,A100,HF Energy, 14, 6.970358, 0.02316
1,A100,HF Energy, 15, 7.94073, 0.02488
1,A100,HF Gradient, 1, 0.210608, 0.000565
1,A100,HF Gradient, 2, 0.424399, 0.001674
1,A100,HF Gradient, 3, 0.738696, 0.00279
1,A100,HF Gradient, 4, 1.210353, 0.003731
1,A100,HF Gradient, 5, 1.769273, 0.004751
1,A100,HF Gradient, 6, 2.410491, 0.005833
1,A100,HF Gradient, 7, 3.284365, 0.00664
1,A100,HF Gradient, 8, 4.164462, 0.00768
1,A100,HF Gradient, 9, 5.095309, 0.008814
1,A100,HF Gradient, 10, 6.074105, 0.01003
1,A100,HF Gradient, 11, 7.213402, 0.01114
1,A100,HF Gradient, 12, 8.539126, 0.01212
1,A100,HF Gradient, 13, 9.935172, 0.01316
1,A100,HF Gradient, 14, 11.307157, 0.01437
1,A100,HF Gradient, 15, 12.780797, 0.01556
1,A100,RIHF Energy, 1, 0.032824, 0.2259
1,A100,RIHF Energy, 2, 0.061029, 1.188
1,A100,RIHF Energy, 3, 0.109987, 2.74
1,A100,RIHF Energy, 4, 0.181374, 4.741
1,A100,RIHF Energy, 5, 0.300379, 6.564
1,A100,RIHF Energy, 6, 0.46181, 8.486
1,A100,RIHF Energy, 7, 0.692721, 10.17
1,A100,RIHF Energy, 8, 1.024452, 11.46
1,A100,RIHF Energy, 9, 1.518688, 12.16
1,A100,RIHF Energy, 10, 2.222729, 12.48
1,A100,RIHF Energy, 11, 3.038208, 13.21
1,A100,RIHF Gradient, 1, 0.089949, 0.08992
1,A100,RIHF Gradient, 2, 0.093055, 0.8467
1,A100,RIHF Gradient, 3, 0.143874, 2.276
1,A100,RIHF Gradient, 4, 0.233067, 4.009
1,A100,RIHF Gradient, 5, 0.381528, 5.616
1,A100,RIHF Gradient, 6, 0.563117, 7.564
1,A100,RIHF Gradient, 7, 0.852083, 8.982
1,A100,RIHF Gradient, 8, 1.244927, 10.25
1,A100,RIHF Gradient, 9, 1.825334, 11.0
1,A100,RIHF Gradient, 10, 2.649597, 11.38
1,A100,RIHF Gradient, 11, 3.557402, 12.26
1,A100,RIHF + RIMP2 Energy, 1, 0.037697, 0.2863
1,A100,RIHF + RIMP2 Energy, 2, 0.075331, 1.582
1,A100,RIHF + RIMP2 Energy, 3, 0.138488, 4.027
1,A100,RIHF + RIMP2 Energy, 4, 0.282638, 6.257
1,A100,RIHF + RIMP2 Energy, 5, 0.533658, 8.362
1,A100,RIHF + RIMP2 Energy, 6, 0.926871, 10.44
1,A100,RIHF + RIMP2 Energy, 7, 1.593729, 11.82
1,A100,RIHF + RIMP2 Energy, 8, 2.512381, 12.72
1,A100,RIHF + RIMP2 Energy, 9, 3.736496, 13.22
1,A100,RIHF + RIMP2 Energy, 10, 5.497364, 13.96
1,A100,RIHF + RIMP2 Energy, 11, 7.673503, 14.51
1,A100,RIHF + RIMP2 Gradient, 1, 0.106235, 0.2504
1,A100,RIHF + RIMP2 Gradient, 2, 0.142436, 2.071
1,A100,RIHF + RIMP2 Gradient, 3, 0.279517, 5.0
1,A100,RIHF + RIMP2 Gradient, 4, 0.643826, 6.983
1,A100,RIHF + RIMP2 Gradient, 5, 1.277476, 8.944
1,A100,RIHF + RIMP2 Gradient, 6, 2.341019, 10.65
1,A100,RIHF + RIMP2 Gradient, 7, 4.107252, 11.88
1,A100,RIHF + RIMP2 Gradient, 8, 6.89925, 12.75
1,A100,RIHF + RIMP2 Gradient, 9, 10.872606, 13.36
1,A100,RIHF + RIMP2 Gradient, 10, 17.223105, 13.43
1,A100,RIHF + RIMP2 Gradient, 11, 25.000106, 14.12
1,A100,RIMP2 Energy, 1, 0.145156, 0.02407
1,A100,RIMP2 Energy, 2, 0.282767, 0.1674
1,A100,RIMP2 Energy, 3, 0.484007, 0.5336
1,A100,RIMP2 Energy, 4, 0.839898, 1.087
1,A100,RIMP2 Energy, 5, 1.306475, 1.913
1,A100,RIMP2 Energy, 6, 1.93628, 2.981
1,A100,RIMP2 Energy, 7, 2.851908, 4.145
1,A100,RIMP2 Energy, 8, 4.070792, 5.245
1,A100,RIMP2 Energy, 9, 5.366043, 6.007
1,A100,RIMP2 Energy, 10, 7.073546, 7.045
1,A100,RIMP2 Energy, 11, 9.380376, 8.219
1,A100,RIMP2 Energy, 12, 12.076161, 9.035
1,A100,RIMP2 Energy, 13, 15.700523, 9.838
1,A100,RIMP2 Energy, 14, 20.113061, 10.68
1,A100,RIMP2 Energy, 15, 25.358555, 11.43
1,A100,RIMP2 Gradient, 1, 0.42746, 0.02707
1,A100,RIMP2 Gradient, 2, 0.862153, 0.1722
1,A100,RIMP2 Gradient, 3, 1.606046, 0.4897
1,A100,RIMP2 Gradient, 4, 2.943113, 0.927
1,A100,RIMP2 Gradient, 5, 4.592385, 1.604
1,A100,RIMP2 Gradient, 6, 6.746351, 2.498
1,A100,RIMP2 Gradient, 7, 9.925579, 3.452
1,A100,RIMP2 Gradient, 8, 14.100111, 4.467
1,A100,RIMP2 Gradient, 9, 19.33962, 5.496
1,A100,RIMP2 Gradient, 10, 26.709768, 6.46
1,A100,RIMP2 Gradient, 11, 35.20656, 7.668
1,A100,RIMP2 Gradient, 12, 45.955823, 8.748
1,A100,RIMP2 Gradient, 13, 61.65207, 9.511
1,A100,RIMP2 Gradient, 14, 81.579687, 10.22
1,A100,RIMP2 Gradient, 15, 104.72313, 11.08
1,GH200,HF Energy, 1, 0.116992, 0.00114
1,GH200,HF Energy, 2, 0.174003, 0.004058
1,GH200,HF Energy, 3, 0.27952, 0.007329
1,GH200,HF Energy, 4, 0.496726, 0.01005
1,GH200,HF Energy, 5, 0.712012, 0.01305
1,GH200,HF Energy, 6, 0.955821, 0.01625
1,GH200,HF Energy, 7, 1.279815, 0.01883
1,GH200,HF Energy, 8, 1.638268, 0.02157
1,GH200,HF Energy, 9, 2.007795, 0.02471
1,GH200,HF Energy, 10, 2.389375, 0.02817
1,GH200,HF Energy, 11, 2.813819, 0.03155
1,GH200,HF Energy, 12, 3.345022, 0.03419
1,GH200,HF Energy, 13, 3.864375, 0.03738
1,GH200,HF Energy, 14, 4.442707, 0.04038
1,GH200,HF Energy, 15, 5.042509, 0.04355
1,GH200,HF Gradient, 1, 0.166884, 0.0008041
1,GH200,HF Gradient, 2, 0.270626, 0.002625
1,GH200,HF Gradient, 3, 0.455654, 0.004523
1,GH200,HF Gradient, 4, 0.779786, 0.006436
1,GH200,HF Gradient, 5, 1.114098, 0.008384
1,GH200,HF Gradient, 6, 1.506924, 0.01037
1,GH200,HF Gradient, 7, 2.033173, 0.01192
1,GH200,HF Gradient, 8, 2.574074, 0.0138
1,GH200,HF Gradient, 9, 3.156488, 0.01581
1,GH200,HF Gradient, 10, 3.741059, 0.01809
1,GH200,HF Gradient, 11, 4.385066, 0.02035
1,GH200,HF Gradient, 12, 5.216207, 0.02205
1,GH200,HF Gradient, 13, 6.005044, 0.02419
1,GH200,HF Gradient, 14, 6.854664, 0.02632
1,GH200,HF Gradient, 15, 7.70169, 0.02867
1,GH200,RIHF Energy, 1, 0.028819, 0.2697
1,GH200,RIHF Energy, 2, 0.04698, 1.544
1,GH200,RIHF Energy, 3, 0.065732, 4.585
1,GH200,RIHF Energy, 4, 0.118171, 7.595
1,GH200,RIHF Energy, 5, 0.160749, 12.8
1,GH200,RIHF Energy, 6, 0.255051, 16.03
1,GH200,RIHF Energy, 7, 0.387802, 18.95
1,GH200,RIHF Energy, 8, 0.547158, 22.39
1,GH200,RIHF Energy, 9, 0.789789, 24.4
1,GH200,RIHF Energy, 10, 1.219257, 23.74
1,GH200,RIHF Energy, 11, 1.683471, 24.88
1,GH200,RIHF Gradient, 1, 0.048074, 0.1756
1,GH200,RIHF Gradient, 2, 0.069537, 1.133
1,GH200,RIHF Gradient, 3, 0.094179, 3.478
1,GH200,RIHF Gradient, 4, 0.152546, 6.373
1,GH200,RIHF Gradient, 5, 0.207808, 10.73
1,GH200,RIHF Gradient, 6, 0.322863, 13.72
1,GH200,RIHF Gradient, 7, 0.47137, 16.89
1,GH200,RIHF Gradient, 8, 0.662833, 20.02
1,GH200,RIHF Gradient, 9, 0.937205, 22.27
1,GH200,RIHF Gradient, 10, 1.43192, 21.9
1,GH200,RIHF Gradient, 11, 1.923975, 23.58
1,GH200,RIHF + RIMP2 Energy, 1, 0.032464, 0.3434
1,GH200,RIHF + RIMP2 Energy, 2, 0.052895, 2.252
1,GH200,RIHF + RIMP2 Energy, 3, 0.079913, 6.978
1,GH200,RIHF + RIMP2 Energy, 4, 0.148795, 12.14
1,GH200,RIHF + RIMP2 Energy, 5, 0.239319, 19.0
1,GH200,RIHF + RIMP2 Energy, 6, 0.399691, 24.64
1,GH200,RIHF + RIMP2 Energy, 7, 0.795104, 24.08
1,GH200,RIHF + RIMP2 Energy, 8, 0.977362, 33.62
1,GH200,RIHF + RIMP2 Energy, 9, 1.785393, 28.23
1,GH200,RIHF + RIMP2 Energy, 10, 2.271425, 34.33
1,GH200,RIHF + RIMP2 Energy, 11, 3.72506, 30.44
1,GH200,RIHF + RIMP2 Gradient, 1, 0.055913, 0.4821
1,GH200,RIHF + RIMP2 Gradient, 2, 0.095726, 3.081
1,GH200,RIHF + RIMP2 Gradient, 3, 0.164444, 8.499
1,GH200,RIHF + RIMP2 Gradient, 4, 0.341539, 13.27
1,GH200,RIMP2 Energy, 1, 0.120773, 0.02906
1,GH200,RIMP2 Energy, 2, 0.179687, 0.26339999999999997
1,GH200,RIMP2 Energy, 3, 0.295534, 0.8739
1,GH200,RIMP2 Energy, 4, 0.52501, 1.74
1,GH200,RIMP2 Energy, 5, 0.789845, 3.165
1,GH200,RIMP2 Energy, 6, 1.092426, 5.285
1,GH200,RIMP2 Energy, 7, 1.685727, 7.014
1,GH200,RIMP2 Energy, 8, 2.086261, 10.45
1,GH200,RIMP2 Energy, 9, 3.040347, 10.65
1,GH200,RIMP2 Energy, 10, 3.445851, 14.46
1,GH200,RIMP2 Energy, 11, 5.219823, 14.77
1,GH200,RIMP2 Energy, 12, 5.396083, 20.06
1,GH200,RIMP2 Energy, 13, 7.733342, 19.93
1,GH200,RIMP2 Energy, 14, 8.499438, 25.04
1,GH200,RIMP2 Energy, 15, 11.592923, 24.89
1,GH200,RIMP2 Gradient, 1, 0.336167, 0.03447
1,GH200,RIMP2 Gradient, 2, 0.551476, 0.2693
1,GH200,RIMP2 Gradient, 3, 0.974201, 0.8074
1,GH200,RIMP2 Gradient, 4, 1.748026, 1.561
1,GH200,RIMP2 Gradient, 5, 2.689241, 2.74
1,GH200,RIMP2 Gradient, 6, 3.824112, 4.408
1,GH200,RIMP2 Gradient, 7, 5.840063, 5.763
1,GH200,RIMP2 Gradient, 8, 7.821572, 7.921
1,GH200,RIMP2 Gradient, 9, 10.970396, 9.531
1,GH200,RIMP2 Gradient, 10, 13.685842, 12.45
1,GH200,RIMP2 Gradient, 11, 18.90178, 14.09
1,GH200,RIMP2 Gradient, 12, 23.284718, 17.41
1,GH200,RIMP2 Gradient, 13, 30.459295, 19.46
1,GH200,RIMP2 Gradient, 14, 39.225584, 21.5
1,GH200,RIMP2 Gradient, 15, 50.3758, 23.46
1,MI250,HF Energy, 1, 0.674612, 0.0001752
1,MI250,HF Energy, 2, 0.96206, 0.000734
1,MI250,HF Energy, 3, 1.11264, 0.001841
1,MI250,HF Energy, 4, 1.530243, 0.002933
1,MI250,HF Energy, 5, 1.932463, 0.004323
1,MI250,HF Energy, 6, 2.635489, 0.005302
1,MI250,HF Energy, 7, 3.358797, 0.006454
1,MI250,HF Energy, 8, 4.241529, 0.007494
1,MI250,HF Energy, 9, 5.561194, 0.008027
1,MI250,HF Energy, 10, 6.245181, 0.009696
1,MI250,HF Energy, 11, 7.242349, 0.01103
1,MI250,HF Energy, 12, 8.654242, 0.01189
1,MI250,HF Energy, 13, 9.867682, 0.01317
1,MI250,HF Energy, 14, 11.02288, 0.01465
1,MI250,HF Energy, 15, 12.471176, 0.01584
1,MI250,RIHF Energy, 1, 0.052206, 0.1421
1,MI250,RIHF Energy, 2, 0.159587, 0.4544
1,MI250,RIHF Energy, 3, 0.266736, 1.13
1,MI250,RIHF Energy, 4, 0.455972, 1.886
1,MI250,RIHF Energy, 5, 0.701018, 2.813
1,MI250,RIHF Energy, 6, 1.056315, 3.71
1,MI250,RIHF Energy, 7, 1.486094, 4.739
1,MI250,RIHF Energy, 8, 1.535529, 7.646
1,MI250,RIHF Energy, 9, 2.225959, 8.297
1,MI250,RIHF Energy, 10, 2.892293, 9.593
1,MI250,RIHF Gradient, 1, 0.150485, 0.05375
1,MI250,RIHF Gradient, 2, 0.268937, 0.293
1,MI250,RIHF Gradient, 3, 0.395115, 0.8289
1,MI250,RIHF Gradient, 4, 0.603342, 1.549
1,MI250,RIHF Gradient, 5, 0.875604, 2.447
1,MI250,RIHF Gradient, 6, 1.271488, 3.35
1,MI250,RIHF Gradient, 7, 1.769234, 4.326
1,MI250,RIHF Gradient, 8, 1.915734, 6.66
1,MI250,RIHF Gradient, 9, 2.77914, 7.223
1,MI250,RIHF Gradient, 10, 3.515486, 8.578
1,MI250,RIHF + RIMP2 Energy, 1, 0.063166, 0.1709
1,MI250,RIHF + RIMP2 Energy, 2, 0.182141, 0.6541
1,MI250,RIHF + RIMP2 Energy, 3, 0.329528, 1.692
1,MI250,RIHF + RIMP2 Energy, 4, 0.599795, 2.949
1,MI250,RIHF + RIMP2 Energy, 5, 0.988719, 4.513
1,MI250,RIHF + RIMP2 Energy, 6, 1.625566, 5.953
1,MI250,RIHF + RIMP2 Energy, 7, 2.519178, 7.479
1,MI250,RIHF + RIMP2 Energy, 8, 3.016105, 10.12
1,MI250,RIHF + RIMP2 Energy, 9, 4.500946, 10.78
1,MI250,RIHF + RIMP2 Energy, 10, 6.211687, 12.0
1,MI250,RIHF + RIMP2 Gradient, 1, 0.154102, 0.1726
1,MI250,RIHF + RIMP2 Gradient, 2, 0.4239, 0.6958
1,MI250,RIHF + RIMP2 Gradient, 3, 0.830852, 1.682
1,MI250,RIHF + RIMP2 Gradient, 4, 1.559136, 2.883
1,MI250,RIHF + RIMP2 Gradient, 5, 2.652143, 4.308
1,MI250,RIHF + RIMP2 Gradient, 6, 4.585898, 5.436
1,MI250,RIHF + RIMP2 Gradient, 7, 7.575722, 6.439
1,MI250,RIHF + RIMP2 Gradient, 8, 9.48578, 9.214
1,MI250,RIHF + RIMP2 Gradient, 9, 14.665238, 9.84
1,MI250,RIHF + RIMP2 Gradient, 10, 23.021582, 9.934
1,MI250,RIMP2 Energy, 1, 0.633466, 0.005516
1,MI250,RIMP2 Energy, 2, 0.878038, 0.05391
1,MI250,RIMP2 Energy, 3, 1.129101, 0.2287
1,MI250,RIMP2 Energy, 4, 1.658333, 0.5506
1,MI250,RIMP2 Energy, 5, 2.218362, 1.126
1,MI250,RIMP2 Energy, 6, 3.21786, 1.794
1,MI250,RIMP2 Energy, 7, 4.382151, 2.698
1,MI250,RIMP2 Energy, 8, 5.804238, 3.405
1,MI250,RIMP2 Energy, 9, 7.907683, 3.918
1,MI250,RIMP2 Energy, 10, 9.686427, 5.076
1,MI250,RIMP2 Energy, 11, 12.245893, 6.019
1,MI250,RIMP2 Energy, 12, 15.461485, 6.855
1,MI250,RIMP2 Energy, 13, 20.683535, 7.357
1,MI250,RIMP2 Energy, 14, 23.896254, 8.723
1,MI250,RIMP2 Energy, 15, 29.667233, 9.63
1,V100,HF Energy, 1, 0.149138, 0.0007925
1,V100,HF Energy, 2, 0.350908, 0.002012
1,V100,HF Energy, 3, 0.654246, 0.003131
1,V100,HF Energy, 4, 1.080258, 0.004155000000000001
1,V100,HF Energy, 5, 1.623045, 0.005148
1,V100,HF Energy, 6, 2.245936, 0.006222
1,V100,HF Energy, 7, 3.038196, 0.007135
1,V100,HF Energy, 8, 3.950927, 0.008046
1,V100,HF Energy, 9, 4.855599, 0.009193
1,V100,HF Energy, 10, 5.869494, 0.01032
1,V100,HF Energy, 11, 7.0661, 0.0113
1,V100,HF Energy, 12, 8.341279, 0.01234
1,V100,HF Energy, 13, 9.787292, 0.01328
1,V100,HF Energy, 14, 11.301031, 0.01429
1,V100,HF Energy, 15, 12.930788, 0.01528
1,V100,HF Gradient, 1, 0.24525, 0.0004852
1,V100,HF Gradient, 2, 0.6209, 0.001144
1,V100,HF Gradient, 3, 1.221889, 0.001687
1,V100,HF Gradient, 4, 2.051274, 0.002202
1,V100,HF Gradient, 5, 3.042623, 0.002763
1,V100,HF Gradient, 6, 4.212311, 0.003338
1,V100,HF Gradient, 7, 5.719631, 0.003813
1,V100,HF Gradient, 8, 7.305796, 0.004378
1,V100,HF Gradient, 9, 8.950727, 0.005018
1,V100,HF Gradient, 10, 10.769723, 0.005657
1,V100,HF Gradient, 11, 12.883985, 0.006237
1,V100,HF Gradient, 12, 15.234738, 0.006795
1,V100,HF Gradient, 13, 17.747576, 0.007369
1,V100,HF Gradient, 14, 20.376397, 0.007972
1,V100,HF Gradient, 15, 22.999463, 0.008645
1,V100,RIHF Energy, 1, 0.03576, 0.2074
1,V100,RIHF Energy, 2, 0.079956, 0.9069
1,V100,RIHF Energy, 3, 0.153801, 1.96
1,V100,RIHF Energy, 4, 0.32852, 2.617
1,V100,RIHF Energy, 5, 0.595667, 3.31
1,V100,RIHF Energy, 6, 1.030187, 3.804
1,V100,RIHF Energy, 7, 1.676868, 4.2
1,V100,RIHF Energy, 8, 2.721642, 4.314
1,V100,RIHF Gradient, 1, 0.06186, 0.13069999999999998
1,V100,RIHF Gradient, 2, 0.117898, 0.6683
1,V100,RIHF Gradient, 3, 0.211788, 1.546
1,V100,RIHF Gradient, 4, 0.419391, 2.228
1,V100,RIHF Gradient, 5, 0.739655, 2.897
1,V100,RIHF Gradient, 6, 1.250864, 3.405
1,V100,RIHF Gradient, 7, 1.998716, 3.829
1,V100,RIHF Gradient, 8, 3.192992, 3.996
1,V100,RIHF + RIMP2 Energy, 1, 0.045798, 0.2357
1,V100,RIHF + RIMP2 Energy, 2, 0.119043, 1.001
1,V100,RIHF + RIMP2 Energy, 3, 0.261222, 2.135
1,V100,RIHF + RIMP2 Energy, 4, 0.612096, 2.889
1,V100,RIHF + RIMP2 Energy, 5, 1.231875, 3.622
1,V100,RIHF + RIMP2 Energy, 6, 2.345057, 4.039
1,V100,RIHF + RIMP2 Energy, 7, 4.166486, 3.963
1,V100,RIHF + RIMP2 Energy, 8, 6.980711, 4.074
1,V100,RIHF + RIMP2 Gradient, 1, 0.084268, 0.3157
1,V100,RIHF + RIMP2 Gradient, 2, 0.231501, 1.274
1,V100,RIHF + RIMP2 Gradient, 3, 0.616023, 2.269
1,V100,RIHF + RIMP2 Gradient, 4, 1.59195, 2.824
1,V100,RIHF + RIMP2 Gradient, 5, 3.436577, 3.325
1,V100,RIHF + RIMP2 Gradient, 6, 6.656289, 3.745
1,V100,RIHF + RIMP2 Gradient, 7, 12.625778, 3.783
1,V100,RIHF + RIMP2 Gradient, 8, 21.479399, 3.951
1,V100,RIMP2 Energy, 1, 0.156248, 0.02236
1,V100,RIMP2 Energy, 2, 0.370383, 0.1278
1,V100,RIMP2 Energy, 3, 0.742326, 0.3479
1,V100,RIMP2 Energy, 4, 1.360832, 0.671
1,V100,RIMP2 Energy, 5, 2.260238, 1.106
1,V100,RIMP2 Energy, 6, 3.590619, 1.608
1,V100,RIMP2 Energy, 7, 5.239442, 1.901
1,V100,RIMP2 Energy, 8, 7.665085, 2.254
1,V100,RIMP2 Energy, 9, 10.605082, 2.719
1,V100,RIMP2 Energy, 10, 14.568722, 3.053
1,V100,RIMP2 Energy, 11, 19.861815, 3.401
1,V100,RIMP2 Energy, 12, 26.882286, 3.684
1,V100,RIMP2 Energy, 13, 35.556043, 3.955
1,V100,RIMP2 Energy, 14, 47.209409, 4.172
1,V100,RIMP2 Energy, 15, 65.547929, 4.119
1,V100,RIMP2 Gradient, 1, 0.494748, 0.02339
1,V100,RIMP2 Gradient, 2, 1.27096, 0.1168
1,V100,RIMP2 Gradient, 3, 2.704515, 0.2908
1,V100,RIMP2 Gradient, 4, 5.188944, 0.5257999999999999
1,V100,RIMP2 Gradient, 5, 8.619995, 0.8547
1,V100,RIMP2 Gradient, 6, 13.675161, 1.247
1,V100,RIMP2 Gradient, 7, 21.296064, 1.553
1,V100,RIMP2 Gradient, 8, 31.760816, 1.907
1,V100,RIMP2 Gradient, 9, 46.268851, 2.254
1,V100,RIMP2 Gradient, 10, 65.272495, 2.611
1,V100,RIMP2 Gradient, 11, 93.992719, 2.84
1,V100,RIMP2 Gradient, 12, 131.218683, 3.098
1,V100,RIMP2 Gradient, 13, 187.597516, 3.168
1,V100,RIMP2 Gradient, 14, 253.103008, 3.372
1,V100,RIMP2 Gradient, 15, 343.069031, 3.485
2,A100,HF Energy, 1, 0.092025, 0.001285
2,A100,HF Energy, 2, 0.155714, 0.004537
2,A100,HF Energy, 3, 0.258449, 0.007929
2,A100,HF Energy, 4, 0.410786, 0.01093
2,A100,HF Energy, 5, 0.598757, 0.01396
2,A100,HF Energy, 6, 0.796567, 0.01755
2,A100,HF Energy, 7, 1.062359, 0.02041
2,A100,HF Energy, 8, 1.358459, 0.0234
2,A100,HF Energy, 9, 1.653902, 0.02699
2,A100,HF Energy, 10, 1.982209, 0.03055
2,A100,HF Energy, 11, 2.354945, 0.03392
2,A100,HF Energy, 12, 2.773837, 0.0371
2,A100,HF Energy, 13, 3.230596, 0.04024
2,A100,HF Energy, 14, 3.69779, 0.04366
2,A100,HF Energy, 15, 4.198473, 0.04707
2,A100,HF Gradient, 1, 0.15658, 0.0007656
2,A100,HF Gradient, 2, 0.664647, 0.001076
2,A100,HF Gradient, 3, 0.404635, 0.005126
2,A100,HF Gradient, 4, 0.648313, 0.00701
2,A100,HF Gradient, 5, 0.939933, 0.008999
2,A100,HF Gradient, 6, 1.269946, 0.01114
2,A100,HF Gradient, 7, 1.732012, 0.01267
2,A100,HF Gradient, 8, 2.178736, 0.01477
2,A100,HF Gradient, 9, 2.666053, 0.01695
2,A100,HF Gradient, 10, 3.168873, 0.01935
2,A100,HF Gradient, 11, 3.759322, 0.02151
2,A100,HF Gradient, 12, 4.430921, 0.02351
2,A100,HF Gradient, 13, 5.151042, 0.02555
2,A100,HF Gradient, 14, 5.849657, 0.02794
2,A100,HF Gradient, 15, 6.625965, 0.03019
2,A100,RIHF Energy, 1, 0.033592, 0.2208
2,A100,RIHF Energy, 2, 0.058472, 1.24
2,A100,RIHF Energy, 3, 0.088314, 3.413
2,A100,RIHF Energy, 4, 0.139982, 6.143
2,A100,RIHF Energy, 5, 0.209848, 9.396
2,A100,RIHF Energy, 6, 0.307946, 12.73
2,A100,RIHF Energy, 7, 0.456729, 15.42
2,A100,RIHF Energy, 8, 0.645961, 18.17
2,A100,RIHF Energy, 9, 0.910226, 20.29
2,A100,RIHF Energy, 10, 1.278732, 21.7
2,A100,RIHF Energy, 11, 1.714491, 23.41
2,A100,RIHF Energy, 12, 2.25175, 25.0
2,A100,RIHF Energy, 13, 2.951573, 26.05
2,A100,RIHF Energy, 14, 3.94251, 26.04
2,A100,RIHF Gradient, 1, 0.087008, 0.0945
2,A100,RIHF Gradient, 2, 0.095931, 0.8345
2,A100,RIHF Gradient, 3, 0.118548, 2.807
2,A100,RIHF Gradient, 4, 0.179037, 5.304
2,A100,RIHF Gradient, 5, 0.263713, 8.257
2,A100,RIHF Gradient, 6, 0.37853, 11.43
2,A100,RIHF Gradient, 7, 0.553438, 14.05
2,A100,RIHF Gradient, 8, 0.778779, 16.65
2,A100,RIHF Gradient, 9, 1.099099, 18.56
2,A100,RIHF Gradient, 10, 1.526224, 20.08
2,A100,RIHF Gradient, 11, 2.010742, 22.05
2,A100,RIHF Gradient, 12, 2.621066, 23.72
2,A100,RIHF Gradient, 13, 3.43276, 24.74
2,A100,RIHF Gradient, 14, 4.55016, 24.92
2,A100,RIHF + RIMP2 Energy, 1, 0.036408, 0.2822
2,A100,RIHF + RIMP2 Energy, 2, 0.067881, 1.629
2,A100,RIHF + RIMP2 Energy, 3, 0.110546, 4.582
2,A100,RIHF + RIMP2 Energy, 4, 0.196189, 8.045
2,A100,RIHF + RIMP2 Energy, 5, 0.329361, 11.92
2,A100,RIHF + RIMP2 Energy, 6, 0.557135, 15.09
2,A100,RIHF + RIMP2 Energy, 7, 0.910062, 17.8
2,A100,RIHF + RIMP2 Energy, 8, 1.457154, 19.78
2,A100,RIHF + RIMP2 Energy, 9, 2.255656, 21.36
2,A100,RIHF + RIMP2 Energy, 10, 3.406898, 22.51
2,A100,RIHF + RIMP2 Energy, 11, 4.653538, 24.54
2,A100,RIHF + RIMP2 Energy, 12, 6.016067, 26.92
2,A100,RIHF + RIMP2 Energy, 13, 8.482662, 26.69
2,A100,RIHF + RIMP2 Energy, 14, 10.42003, 29.7
2,A100,RIHF + RIMP2 Gradient, 1, 0.10267, 0.2771
2,A100,RIHF + RIMP2 Gradient, 2, 0.131318, 2.346
2,A100,RIHF + RIMP2 Gradient, 3, 0.206904, 6.941
2,A100,RIHF + RIMP2 Gradient, 4, 0.413368, 11.03
2,A100,RIHF + RIMP2 Gradient, 5, 0.749972, 15.3
2,A100,RIHF + RIMP2 Gradient, 6, 1.338395, 18.54
2,A100,RIHF + RIMP2 Gradient, 7, 2.23299, 21.59
2,A100,RIHF + RIMP2 Gradient, 8, 3.649433, 23.68
2,A100,RIHF + RIMP2 Gradient, 9, 5.814377, 25.01
2,A100,RIHF + RIMP2 Gradient, 10, 9.040694, 25.74
2,A100,RIHF + RIMP2 Gradient, 11, 13.136412, 27.2
2,A100,RIHF + RIMP2 Gradient, 12, 18.488078, 28.58
2,A100,RIHF + RIMP2 Gradient, 13, 26.503213, 28.62
2,A100,RIHF + RIMP2 Gradient, 14, 36.427966, 29.16
2,A100,RIMP2 Energy, 1, 0.096754, 0.03076
2,A100,RIMP2 Energy, 2, 0.169655, 0.2285
2,A100,RIMP2 Energy, 3, 0.279842, 0.7401
2,A100,RIMP2 Energy, 4, 0.470689, 1.536
2,A100,RIMP2 Energy, 5, 0.714076, 2.746
2,A100,RIMP2 Energy, 6, 1.04496, 4.308
2,A100,RIMP2 Energy, 7, 1.523723, 6.021
2,A100,RIMP2 Energy, 8, 2.168807, 7.888
2,A100,RIMP2 Energy, 9, 3.007866, 9.895
2,A100,RIMP2 Energy, 10, 4.12141, 11.89
2,A100,RIMP2 Energy, 11, 5.646, 13.65
2,A100,RIMP2 Energy, 12, 7.015322, 15.55
2,A100,RIMP2 Energy, 13, 8.220895, 18.79
2,A100,RIMP2 Energy, 14, 11.712101, 18.35
2,A100,RIMP2 Energy, 15, 13.596439, 21.31
2,A100,RIMP2 Gradient, 1, 0.28545, 0.04323
2,A100,RIMP2 Gradient, 2, 0.828495, 0.1824
2,A100,RIMP2 Gradient, 3, 0.874258, 0.893
2,A100,RIMP2 Gradient, 4, 1.545866, 1.725
2,A100,RIMP2 Gradient, 5, 2.392411, 2.977
2,A100,RIMP2 Gradient, 6, 3.519656, 4.591
2,A100,RIMP2 Gradient, 7, 5.133388, 6.359
2,A100,RIMP2 Gradient, 8, 7.217977, 8.374
2,A100,RIMP2 Gradient, 9, 9.879839, 10.58
2,A100,RIMP2 Gradient, 10, 13.463197, 12.72
2,A100,RIMP2 Gradient, 11, 18.292048, 14.77
2,A100,RIMP2 Gradient, 12, 23.818332, 16.89
2,A100,RIMP2 Gradient, 13, 31.971793, 18.35
2,A100,RIMP2 Gradient, 14, 41.903457, 19.91
2,A100,RIMP2 Gradient, 15, 53.510314, 21.69
2,MI250,HF Energy, 1, 0.372535, 0.0003175
2,MI250,HF Energy, 2, 0.560539, 0.00126
2,MI250,HF Energy, 3, 0.648421, 0.00316
2,MI250,HF Energy, 4, 0.872987, 0.005143
2,MI250,HF Energy, 5, 1.11452, 0.007498
2,MI250,HF Energy, 6, 1.522024, 0.009183
2,MI250,HF Energy, 7, 1.933918, 0.01121
2,MI250,HF Energy, 8, 2.436697, 0.01305
2,MI250,HF Energy, 9, 3.154099, 0.01415
2,MI250,HF Energy, 10, 3.512357, 0.01724
2,MI250,HF Energy, 11, 4.080015, 0.01958
2,MI250,HF Energy, 12, 4.871801, 0.02112
2,MI250,HF Energy, 13, 5.579793, 0.0233
2,MI250,HF Energy, 14, 6.220542, 0.02595
2,MI250,HF Energy, 15, 7.051207, 0.02803
2,MI250,RIHF Energy, 1, 0.049154, 0.1509
2,MI250,RIHF Energy, 2, 0.143285, 0.5061
2,MI250,RIHF Energy, 3, 0.209839, 1.436
2,MI250,RIHF Energy, 4, 0.381976, 2.251
2,MI250,RIHF Energy, 5, 0.505956, 3.897
2,MI250,RIHF Energy, 6, 0.759836, 5.158
2,MI250,RIHF Energy, 7, 1.023628, 6.88
2,MI250,RIHF Energy, 8, 1.332798, 8.809
2,MI250,RIHF Energy, 9, 1.816631, 10.17
2,MI250,RIHF Energy, 10, 2.134103, 13.0
2,MI250,RIHF Energy, 11, 2.521794, 15.92
2,MI250,RIHF Energy, 12, 3.12113, 18.04
2,MI250,RIHF Energy, 13, 4.47843, 17.17
2,MI250,RIHF Gradient, 1, 0.140459, 0.05854
2,MI250,RIHF Gradient, 2, 0.247371, 0.3236
2,MI250,RIHF Gradient, 3, 0.335719, 0.9913
2,MI250,RIHF Gradient, 4, 0.517279, 1.836
2,MI250,RIHF Gradient, 5, 0.661712, 3.291
2,MI250,RIHF Gradient, 6, 0.931917, 4.644
2,MI250,RIHF Gradient, 7, 1.227333, 6.337
2,MI250,RIHF Gradient, 8, 1.587793, 8.166
2,MI250,RIHF Gradient, 9, 2.231485, 9.141
2,MI250,RIHF Gradient, 10, 2.620801, 11.69
2,MI250,RIHF Gradient, 11, 3.062051, 14.48
2,MI250,RIHF Gradient, 12, 3.755029, 16.56
2,MI250,RIHF Gradient, 13, 5.200552, 16.33
2,MI250,RIHF + RIMP2 Energy, 1, 0.055897, 0.1838
2,MI250,RIHF + RIMP2 Energy, 2, 0.160912, 0.6872
2,MI250,RIHF + RIMP2 Energy, 3, 0.252981, 2.002
2,MI250,RIHF + RIMP2 Energy, 4, 0.46381, 3.403
2,MI250,RIHF + RIMP2 Energy, 5, 0.674967, 5.814
2,MI250,RIHF + RIMP2 Energy, 6, 1.077849, 7.8
2,MI250,RIHF + RIMP2 Energy, 7, 1.582161, 10.24
2,MI250,RIHF + RIMP2 Energy, 8, 2.225208, 12.95
2,MI250,RIHF + RIMP2 Energy, 9, 3.358594, 14.35
2,MI250,RIHF + RIMP2 Energy, 10, 4.413701, 17.37
2,MI250,RIHF + RIMP2 Energy, 11, 5.325422, 20.81
2,MI250,RIHF + RIMP2 Energy, 12, 6.559308, 24.48
2,MI250,RIHF + RIMP2 Energy, 13, 10.847524, 20.47
2,MI250,RIHF + RIMP2 Gradient, 1, 0.136097, 0.209
2,MI250,RIHF + RIMP2 Gradient, 2, 0.333447, 0.9237
2,MI250,RIHF + RIMP2 Gradient, 3, 0.603707, 2.379
2,MI250,RIHF + RIMP2 Gradient, 4, 1.218841, 3.742
2,MI250,RIHF + RIMP2 Gradient, 5, 1.809443, 6.341
2,MI250,RIHF + RIMP2 Gradient, 6, 3.037689, 8.17
2,MI250,RIHF + RIMP2 Gradient, 7, 4.464698, 10.8
2,MI250,RIHF + RIMP2 Gradient, 8, 6.254199, 13.82
2,MI250,RIHF + RIMP2 Gradient, 9, 9.395307, 15.48
2,MI250,RIHF + RIMP2 Gradient, 10, 13.378134, 17.4
2,MI250,RIHF + RIMP2 Gradient, 11, 18.300396, 19.58
2,MI250,RIHF + RIMP2 Gradient, 12, 24.059855, 21.99
2,MI250,RIHF + RIMP2 Gradient, 13, 38.717627, 19.6
2,MI250,RIMP2 Energy, 1, 0.333188, 0.008932
2,MI250,RIMP2 Energy, 2, 0.493001, 0.07864
2,MI250,RIMP2 Energy, 3, 0.642482, 0.3224
2,MI250,RIMP2 Energy, 4, 0.945887, 0.7643
2,MI250,RIMP2 Energy, 5, 1.275859, 1.537
2,MI250,RIMP2 Energy, 6, 1.832773, 2.456
2,MI250,RIMP2 Energy, 7, 2.482071, 3.697
2,MI250,RIMP2 Energy, 8, 3.325489, 5.144
2,MI250,RIMP2 Energy, 9, 4.649462, 6.401
2,MI250,RIMP2 Energy, 10, 5.718695, 8.567
2,MI250,RIMP2 Energy, 11, 7.130936, 10.34
2,MI250,RIMP2 Energy, 12, 8.376451, 12.65
2,MI250,RIMP2 Energy, 13, 11.980179, 12.7
2,MI250,RIMP2 Energy, 14, 13.6746, 15.24
2,MI250,RIMP2 Energy, 15, 16.078456, 17.77
2,V100,HF Energy, 1, 0.104141, 0.001136
2,V100,HF Energy, 2, 0.196587, 0.003593
2,V100,HF Energy, 3, 0.363601, 0.005636
2,V100,HF Energy, 4, 0.606929, 0.007397
2,V100,HF Energy, 5, 0.884973, 0.009442
2,V100,HF Energy, 6, 1.212869, 0.01152
2,V100,HF Energy, 7, 1.629151, 0.01331
2,V100,HF Energy, 8, 2.107034, 0.01509
2,V100,HF Energy, 9, 2.577823, 0.01732
2,V100,HF Energy, 10, 3.107503, 0.01949
2,V100,HF Energy, 11, 3.73367, 0.02139
2,V100,HF Energy, 12, 4.397534, 0.0234
2,V100,HF Energy, 13, 5.146058, 0.02526
2,V100,HF Energy, 14, 5.94341, 0.02716
2,V100,HF Energy, 15, 6.799462, 0.02906
2,V100,HF Gradient, 1, 0.420621, 0.000285
2,V100,HF Gradient, 2, 0.341278, 0.002095
2,V100,HF Gradient, 3, 0.651652, 0.003183
2,V100,HF Gradient, 4, 1.07773, 0.004216999999999999
2,V100,HF Gradient, 5, 1.596051, 0.0053
2,V100,HF Gradient, 6, 2.201078, 0.006428
2,V100,HF Gradient, 7, 2.978833, 0.007367
2,V100,HF Gradient, 8, 3.795551, 0.008478999999999999
2,V100,HF Gradient, 9, 4.637642, 0.009744
2,V100,HF Gradient, 10, 5.5671, 0.01101
2,V100,HF Gradient, 11, 6.651099, 0.01216
2,V100,HF Gradient, 12, 7.851456, 0.01327
2,V100,HF Gradient, 13, 9.135219, 0.0144
2,V100,HF Gradient, 14, 10.497722, 0.01557
2,V100,HF Gradient, 15, 11.845867, 0.01689
2,V100,RIHF Energy, 1, 0.034585, 0.2144
2,V100,RIHF Energy, 2, 0.070381, 1.03
2,V100,RIHF Energy, 3, 0.124036, 2.43
2,V100,RIHF Energy, 4, 0.23198, 3.707
2,V100,RIHF Energy, 5, 0.390813, 5.045
2,V100,RIHF Energy, 6, 0.634046, 6.181
2,V100,RIHF Energy, 7, 0.978128, 7.2
2,V100,RIHF Energy, 8, 1.463796, 8.02
2,V100,RIHF Energy, 9, 2.236776, 8.257
2,V100,RIHF Energy, 10, 3.430495, 8.088
2,V100,RIHF Gradient, 1, 0.063935, 0.1286
2,V100,RIHF Gradient, 2, 0.114155, 0.7013
2,V100,RIHF Gradient, 3, 0.165655, 2.009
2,V100,RIHF Gradient, 4, 0.294043, 3.229
2,V100,RIHF Gradient, 5, 0.483202, 4.506
2,V100,RIHF Gradient, 6, 0.773157, 5.598
2,V100,RIHF Gradient, 7, 1.181337, 6.584
2,V100,RIHF Gradient, 8, 1.744715, 7.432
2,V100,RIHF Gradient, 9, 2.653269, 7.688
2,V100,RIHF Gradient, 10, 3.982386, 7.695
2,V100,RIHF + RIMP2 Energy, 1, 0.044426, 0.2313
2,V100,RIHF + RIMP2 Energy, 2, 0.102444, 1.079
2,V100,RIHF + RIMP2 Energy, 3, 0.198289, 2.554
2,V100,RIHF + RIMP2 Energy, 4, 0.406154, 3.886
2,V100,RIHF + RIMP2 Energy, 5, 0.779359, 5.036
2,V100,RIHF + RIMP2 Energy, 6, 1.429559, 5.881
2,V100,RIHF + RIMP2 Energy, 7, 2.704457, 5.989
2,V100,RIHF + RIMP2 Energy, 8, 4.524949, 6.368
2,V100,RIHF + RIMP2 Energy, 9, 6.39117, 7.169
2,V100,RIHF + RIMP2 Energy, 10, 10.1701, 6.94
2,V100,RIHF + RIMP2 Gradient, 1, 0.080564, 0.3531
2,V100,RIHF + RIMP2 Gradient, 2, 0.192156, 1.603
2,V100,RIHF + RIMP2 Gradient, 3, 0.419886, 3.42
2,V100,RIHF + RIMP2 Gradient, 4, 0.94599, 4.821
2,V100,RIHF + RIMP2 Gradient, 5, 1.883744, 6.091
2,V100,RIHF + RIMP2 Gradient, 6, 3.622832, 6.85
2,V100,RIHF + RIMP2 Gradient, 7, 6.664898, 7.234
2,V100,RIHF + RIMP2 Gradient, 8, 11.412073, 7.572
2,V100,RIHF + RIMP2 Gradient, 9, 19.766067, 7.392
2,V100,RIHF + RIMP2 Gradient, 10, 29.377869, 7.906
2,V100,RIMP2 Energy, 1, 0.10207, 0.02916
2,V100,RIMP2 Energy, 2, 0.226995, 0.1708
2,V100,RIMP2 Energy, 3, 0.42647, 0.4857
2,V100,RIMP2 Energy, 4, 0.767312, 0.9422
2,V100,RIMP2 Energy, 5, 1.270908, 1.543
2,V100,RIMP2 Energy, 6, 2.00529, 2.245
2,V100,RIMP2 Energy, 7, 3.342927, 2.745
2,V100,RIMP2 Energy, 8, 5.192557, 3.295
2,V100,RIMP2 Energy, 9, 6.528731, 4.417
2,V100,RIMP2 Energy, 10, 8.280509, 5.372
2,V100,RIMP2 Energy, 11, 11.824169, 5.712
2,V100,RIMP2 Energy, 12, 14.896525, 6.648
2,V100,RIMP2 Energy, 13, 19.739027, 7.125
2,V100,RIMP2 Energy, 14, 25.969647, 7.583
2,V100,RIMP2 Energy, 15, 34.931307, 7.73
2,V100,RIMP2 Gradient, 1, 0.495509, 0.0249
2,V100,RIMP2 Gradient, 2, 0.700282, 0.2158
2,V100,RIMP2 Gradient, 3, 1.450801, 0.5381
2,V100,RIMP2 Gradient, 4, 2.715018, 0.982
2,V100,RIMP2 Gradient, 5, 4.48075, 1.59
2,V100,RIMP2 Gradient, 6, 6.9606, 2.321
2,V100,RIMP2 Gradient, 7, 10.945233, 2.982
2,V100,RIMP2 Gradient, 8, 16.514357, 3.66
2,V100,RIMP2 Gradient, 9, 24.178448, 4.317
2,V100,RIMP2 Gradient, 10, 33.962256, 5.022
2,V100,RIMP2 Gradient, 11, 48.731086, 5.48
2,V100,RIMP2 Gradient, 12, 67.351506, 6.037
2,V100,RIMP2 Gradient, 13, 96.494993, 6.16
2,V100,RIMP2 Gradient, 14, 130.196334, 6.558
2,V100,RIMP2 Gradient, 15, 175.195299, 6.826
3,A100,HF Energy, 1, 0.090332, 0.00131
3,A100,HF Energy, 2, 0.137566, 0.005137
3,A100,HF Energy, 3, 0.192175, 0.01067
3,A100,HF Energy, 4, 0.303322, 0.0148
3,A100,HF Energy, 5, 0.440774, 0.01896
3,A100,HF Energy, 6, 0.577977, 0.02419
3,A100,HF Energy, 7, 0.769115, 0.02819
3,A100,HF Energy, 8, 0.986029, 0.03225
3,A100,HF Energy, 9, 1.18818, 0.03758
3,A100,HF Energy, 10, 1.416298, 0.04276
3,A100,HF Energy, 11, 1.673868, 0.04772
3,A100,HF Energy, 12, 1.969859, 0.05224
3,A100,HF Energy, 13, 2.282582, 0.05695
3,A100,HF Energy, 14, 2.616832, 0.0617
3,A100,HF Energy, 15, 2.978071, 0.06636
3,A100,HF Gradient, 1, 0.128435, 0.0009402
3,A100,HF Gradient, 2, 0.1891, 0.003805
3,A100,HF Gradient, 3, 0.296189, 0.007047
3,A100,HF Gradient, 4, 0.462356, 0.009891
3,A100,HF Gradient, 5, 0.665326, 0.01279
3,A100,HF Gradient, 6, 0.921546, 0.01545
3,A100,HF Gradient, 7, 1.233796, 0.0179
3,A100,HF Gradient, 8, 1.531971, 0.02114
3,A100,HF Gradient, 9, 1.853654, 0.02453
3,A100,HF Gradient, 10, 2.204335, 0.02798
3,A100,HF Gradient, 11, 2.606071, 0.03122
3,A100,HF Gradient, 12, 3.067492, 0.03417
3,A100,HF Gradient, 13, 3.556497, 0.03723
3,A100,HF Gradient, 14, 4.054722, 0.04055
3,A100,HF Gradient, 15, 4.587856, 0.04387
3,A100,RIHF Energy, 1, 0.032822, 0.226
3,A100,RIHF Energy, 2, 0.057218, 1.267
3,A100,RIHF Energy, 3, 0.082176, 3.668
3,A100,RIHF Energy, 4, 0.12629, 6.809
3,A100,RIHF Energy, 5, 0.183108, 10.77
3,A100,RIHF Energy, 6, 0.285048, 13.75
3,A100,RIHF Energy, 7, 0.390987, 18.01
3,A100,RIHF Energy, 8, 0.530966, 22.11
3,A100,RIHF Energy, 9, 0.712652, 25.92
3,A100,RIHF Energy, 10, 0.984592, 28.18
3,A100,RIHF Energy, 11, 1.291725, 31.08
3,A100,RIHF Energy, 12, 1.657081, 33.97
3,A100,RIHF Energy, 13, 2.158042, 35.63
3,A100,RIHF Energy, 14, 2.775679, 36.99
3,A100,RIHF Energy, 15, 3.370129, 39.9
3,A100,RIHF Gradient, 1, 0.082946, 0.1008
3,A100,RIHF Gradient, 2, 0.089893, 0.9047
3,A100,RIHF Gradient, 3, 0.110933, 3.048
3,A100,RIHF Gradient, 4, 0.161646, 5.968
3,A100,RIHF Gradient, 5, 0.230677, 9.59
3,A100,RIHF Gradient, 6, 0.341741, 12.87
3,A100,RIHF Gradient, 7, 0.465288, 16.98
3,A100,RIHF Gradient, 8, 0.636481, 20.7
3,A100,RIHF Gradient, 9, 0.853325, 24.29
3,A100,RIHF Gradient, 10, 1.163688, 26.75
3,A100,RIHF Gradient, 11, 1.508068, 29.87
3,A100,RIHF Gradient, 12, 1.939635, 32.57
3,A100,RIHF Gradient, 13, 2.508602, 34.39
3,A100,RIHF Gradient, 14, 3.225543, 35.72
3,A100,RIHF Gradient, 15, 3.913082, 38.56
3,A100,RIHF + RIMP2 Energy, 1, 0.036846, 0.2742
3,A100,RIHF + RIMP2 Energy, 2, 0.0656, 1.642
3,A100,RIHF + RIMP2 Energy, 3, 0.100382, 4.876
3,A100,RIHF + RIMP2 Energy, 4, 0.165306, 9.165
3,A100,RIHF + RIMP2 Energy, 5, 0.258924, 14.47
3,A100,RIHF + RIMP2 Energy, 6, 0.426075, 18.74
3,A100,RIHF + RIMP2 Energy, 7, 0.640105, 23.92
3,A100,RIHF + RIMP2 Energy, 8, 0.957447, 28.35
3,A100,RIHF + RIMP2 Energy, 9, 1.40382, 32.23
3,A100,RIHF + RIMP2 Energy, 10, 2.072575, 34.63
3,A100,RIHF + RIMP2 Energy, 11, 2.903196, 37.67
3,A100,RIHF + RIMP2 Energy, 12, 4.045601, 39.82
3,A100,RIHF + RIMP2 Energy, 13, 5.500165, 41.8
3,A100,RIHF + RIMP2 Energy, 14, 7.463987, 41.6
3,A100,RIHF + RIMP2 Energy, 15, 9.943311, 41.82
3,A100,RIHF + RIMP2 Gradient, 1, 0.102868, 0.2925
3,A100,RIHF + RIMP2 Gradient, 2, 0.130892, 2.496
3,A100,RIHF + RIMP2 Gradient, 3, 0.19563, 7.713
3,A100,RIHF + RIMP2 Gradient, 4, 0.3558, 13.36
3,A100,RIHF + RIMP2 Gradient, 5, 0.598542, 19.85
3,A100,RIHF + RIMP2 Gradient, 6, 1.024048, 24.95
3,A100,RIHF + RIMP2 Gradient, 7, 1.696867, 29.12
3,A100,RIHF + RIMP2 Gradient, 8, 2.669887, 33.04
3,A100,RIHF + RIMP2 Gradient, 9, 4.147231, 35.67
3,A100,RIHF + RIMP2 Gradient, 10, 6.431061, 36.7
3,A100,RIHF + RIMP2 Gradient, 11, 9.216699, 39.21
3,A100,RIHF + RIMP2 Gradient, 12, 12.992843, 41.16
3,A100,RIHF + RIMP2 Gradient, 13, 18.366687, 41.84
3,A100,RIHF + RIMP2 Gradient, 14, 26.080259, 41.48
3,A100,RIHF + RIMP2 Gradient, 15, 34.023541, 43.56
3,A100,RIMP2 Energy, 1, 0.093218, 0.03009
3,A100,RIMP2 Energy, 2, 0.139381, 0.2577
3,A100,RIMP2 Energy, 3, 0.211532, 0.8987
3,A100,RIMP2 Energy, 4, 0.34293, 1.923
3,A100,RIMP2 Energy, 5, 0.51582, 3.455
3,A100,RIMP2 Energy, 6, 0.718773, 5.674
3,A100,RIMP2 Energy, 7, 1.015751, 8.165
3,A100,RIMP2 Energy, 8, 1.399623, 11.03
3,A100,RIMP2 Energy, 9, 1.879655, 14.27
3,A100,RIMP2 Energy, 10, 2.519897, 17.5
3,A100,RIMP2 Energy, 11, 3.286213, 21.09
3,A100,RIMP2 Energy, 12, 4.33601, 24.19
3,A100,RIMP2 Energy, 13, 5.67256, 27.12
3,A100,RIMP2 Energy, 14, 7.2568, 29.61
3,A100,RIMP2 Energy, 15, 9.326861, 31.06
3,A100,RIMP2 Gradient, 1, 0.314683, 0.041
3,A100,RIMP2 Gradient, 2, 0.390358, 0.4083
3,A100,RIMP2 Gradient, 3, 0.678395, 1.193
3,A100,RIMP2 Gradient, 4, 1.124033, 2.429
3,A100,RIMP2 Gradient, 5, 1.691241, 4.277
3,A100,RIMP2 Gradient, 6, 2.451339, 6.653
3,A100,RIMP2 Gradient, 7, 3.530477, 9.288
3,A100,RIMP2 Gradient, 8, 5.008569, 12.07
3,A100,RIMP2 Gradient, 9, 6.769398, 15.41
3,A100,RIMP2 Gradient, 10, 9.257924, 18.41
3,A100,RIMP2 Gradient, 11, 12.274395, 21.71
3,A100,RIMP2 Gradient, 12, 16.104781, 24.93
3,A100,RIMP2 Gradient, 13, 21.593557, 27.16
3,A100,RIMP2 Gradient, 14, 28.993115, 28.79
3,A100,RIMP2 Gradient, 15, 36.416635, 31.88
3,MI250,HF Energy, 1, 0.277813, 0.000426
3,MI250,HF Energy, 2, 0.447538, 0.001579
3,MI250,HF Energy, 3, 0.49748, 0.00412
3,MI250,HF Energy, 4, 0.66761, 0.006726
3,MI250,HF Energy, 5, 0.854913, 0.009776
3,MI250,HF Energy, 6, 1.161459, 0.01204
3,MI250,HF Energy, 7, 1.473686, 0.01471
3,MI250,HF Energy, 8, 1.854112, 0.01715
3,MI250,HF Energy, 9, 2.384173, 0.01873
3,MI250,HF Energy, 10, 2.63417, 0.02299
3,MI250,HF Energy, 11, 3.06314, 0.02608
3,MI250,HF Energy, 12, 3.637937, 0.02829
3,MI250,HF Energy, 13, 4.167165, 0.03119
3,MI250,HF Energy, 14, 4.651164, 0.03471
3,MI250,HF Energy, 15, 5.274042, 0.03747
3,MI250,RIHF Energy, 1, 0.047415, 0.1564
3,MI250,RIHF Energy, 2, 0.141879, 0.5111
3,MI250,RIHF Energy, 3, 0.197416, 1.527
3,MI250,RIHF Energy, 4, 0.322928, 2.663
3,MI250,RIHF Energy, 5, 0.494294, 3.989
3,MI250,RIHF Energy, 6, 0.665045, 5.893
3,MI250,RIHF Energy, 7, 0.874327, 8.055
3,MI250,RIHF Energy, 8, 1.121715, 10.47
3,MI250,RIHF Energy, 9, 1.521982, 12.14
3,MI250,RIHF Energy, 10, 1.722228, 16.11
3,MI250,RIHF Energy, 11, 2.198013, 18.26
3,MI250,RIHF Energy, 12, 2.86832, 19.63
3,MI250,RIHF Energy, 13, 3.061361, 25.12
3,MI250,RIHF Energy, 14, 3.732694, 27.51
3,MI250,RIHF Energy, 15, 5.621393, 23.92
3,MI250,RIHF Gradient, 1, 0.124261, 0.06726000000000001
3,MI250,RIHF Gradient, 2, 0.243071, 0.3346
3,MI250,RIHF Gradient, 3, 0.312096, 1.083
3,MI250,RIHF Gradient, 4, 0.439721, 2.194
3,MI250,RIHF Gradient, 5, 0.637924, 3.468
3,MI250,RIHF Gradient, 6, 0.839168, 5.24
3,MI250,RIHF Gradient, 7, 1.080432, 7.313
3,MI250,RIHF Gradient, 8, 1.376875, 9.567
3,MI250,RIHF Gradient, 9, 1.908129, 10.86
3,MI250,RIHF Gradient, 10, 2.171418, 14.34
3,MI250,RIHF Gradient, 11, 2.727879, 16.51
3,MI250,RIHF Gradient, 12, 3.491309, 18.09
3,MI250,RIHF Gradient, 13, 3.750824, 23.0
3,MI250,RIHF Gradient, 14, 4.531355, 25.42
3,MI250,RIHF Gradient, 15, 6.352389, 23.75
3,MI250,RIHF + RIMP2 Energy, 1, 0.056971, 0.1773
3,MI250,RIHF + RIMP2 Energy, 2, 0.169233, 0.6366
3,MI250,RIHF + RIMP2 Energy, 3, 0.239307, 2.045
3,MI250,RIHF + RIMP2 Energy, 4, 0.394606, 3.839
3,MI250,RIHF + RIMP2 Energy, 5, 0.61802, 6.06
3,MI250,RIHF + RIMP2 Energy, 6, 0.878053, 9.092
3,MI250,RIHF + RIMP2 Energy, 7, 1.220846, 12.54
3,MI250,RIHF + RIMP2 Energy, 8, 1.674183, 16.21
3,MI250,RIHF + RIMP2 Energy, 9, 2.383732, 18.98
3,MI250,RIHF + RIMP2 Energy, 10, 3.014942, 23.81
3,MI250,RIHF + RIMP2 Energy, 11, 4.217482, 25.93
3,MI250,RIHF + RIMP2 Energy, 12, 5.477976, 29.41
3,MI250,RIHF + RIMP2 Energy, 13, 7.943201, 28.12
3,MI250,RIHF + RIMP2 Energy, 14, 9.170786, 33.37
3,MI250,RIHF + RIMP2 Energy, 15, 11.975293, 34.26
3,MI250,RIHF + RIMP2 Gradient, 1, 0.129965, 0.2315
3,MI250,RIHF + RIMP2 Gradient, 2, 0.313094, 1.044
3,MI250,RIHF + RIMP2 Gradient, 3, 0.527491, 2.861
3,MI250,RIHF + RIMP2 Gradient, 4, 0.945104, 5.028
3,MI250,RIHF + RIMP2 Gradient, 5, 1.756144, 6.764
3,MI250,RIHF + RIMP2 Gradient, 6, 2.399835, 10.65
3,MI250,RIHF + RIMP2 Gradient, 7, 3.824482, 12.92
3,MI250,RIHF + RIMP2 Gradient, 8, 5.117035, 17.24
3,MI250,RIHF + RIMP2 Gradient, 9, 7.115591, 20.79
3,MI250,RIHF + RIMP2 Gradient, 10, 9.729569, 24.26
3,MI250,RIHF + RIMP2 Gradient, 11, 13.735008, 26.31
3,MI250,RIHF + RIMP2 Gradient, 12, 19.011363, 28.13
3,MI250,RIHF + RIMP2 Gradient, 13, 26.130653, 29.6
3,MI250,RIHF + RIMP2 Gradient, 14, 32.331744, 33.51
3,MI250,RIHF + RIMP2 Gradient, 15, 46.503921, 31.89
3,MI250,RIMP2 Energy, 1, 0.237116, 0.01183
3,MI250,RIMP2 Energy, 2, 0.376649, 0.09536
3,MI250,RIMP2 Energy, 3, 0.489906, 0.388
3,MI250,RIMP2 Energy, 4, 0.711856, 0.9265
3,MI250,RIMP2 Energy, 5, 0.966712, 1.843
3,MI250,RIMP2 Energy, 6, 1.365699, 2.986
3,MI250,RIMP2 Energy, 7, 1.810588, 4.58
3,MI250,RIMP2 Energy, 8, 2.383054, 6.477
3,MI250,RIMP2 Energy, 9, 3.224549, 8.316
3,MI250,RIMP2 Energy, 10, 3.837253, 11.49
3,MI250,RIMP2 Energy, 11, 4.976884, 13.92
3,MI250,RIMP2 Energy, 12, 6.193859, 16.94
3,MI250,RIMP2 Energy, 13, 8.4834, 17.94
3,MI250,RIMP2 Energy, 14, 10.017115, 20.81
3,MI250,RIMP2 Energy, 15, 12.385993, 23.07
3,V100,HF Energy, 1, 0.09572, 0.001236
3,V100,HF Energy, 2, 0.154748, 0.004567
3,V100,HF Energy, 3, 0.270994, 0.007564
3,V100,HF Energy, 4, 0.434894, 0.01033
3,V100,HF Energy, 5, 0.635728, 0.01315
3,V100,HF Energy, 6, 0.888903, 0.01573
3,V100,HF Energy, 7, 1.177493, 0.01841
3,V100,HF Energy, 8, 1.509517, 0.02106
3,V100,HF Energy, 9, 1.812919, 0.02463
3,V100,HF Energy, 10, 2.182776, 0.02775
3,V100,HF Energy, 11, 2.614758, 0.03055
3,V100,HF Energy, 12, 3.080561, 0.033409999999999995
3,V100,HF Energy, 13, 3.59841, 0.03613
3,V100,HF Energy, 14, 4.15352, 0.03887
3,V100,HF Energy, 15, 4.762873, 0.04149
3,V100,HF Gradient, 1, 0.328759, 0.0003673
3,V100,HF Gradient, 2, 0.261329, 0.002753
3,V100,HF Gradient, 3, 0.638503, 0.003269
3,V100,HF Gradient, 4, 0.760302, 0.006015
3,V100,HF Gradient, 5, 1.117226, 0.007618
3,V100,HF Gradient, 6, 1.548266, 0.009195
3,V100,HF Gradient, 7, 2.082654, 0.0106
3,V100,HF Gradient, 8, 2.652373, 0.01221
3,V100,HF Gradient, 9, 3.184411, 0.01428
3,V100,HF Gradient, 10, 3.82489, 0.01613
3,V100,HF Gradient, 11, 4.560369, 0.01784
3,V100,HF Gradient, 12, 5.376572, 0.01949
3,V100,HF Gradient, 13, 6.2573, 0.02116
3,V100,HF Gradient, 14, 7.183043, 0.02289
3,V100,HF Gradient, 15, 8.119703, 0.02479
3,V100,RIHF Energy, 1, 0.040292, 0.1841
3,V100,RIHF Energy, 2, 0.067239, 1.078
3,V100,RIHF Energy, 3, 0.115129, 2.618
3,V100,RIHF Energy, 4, 0.201724, 4.263
3,V100,RIHF Energy, 5, 0.324779, 6.071
3,V100,RIHF Energy, 6, 0.50798, 7.715
3,V100,RIHF Energy, 7, 0.763486, 9.224
3,V100,RIHF Energy, 8, 1.092215, 10.75
3,V100,RIHF Energy, 9, 1.637935, 11.28
3,V100,RIHF Energy, 10, 2.380074, 11.66
3,V100,RIHF Energy, 11, 3.199486, 12.55
3,V100,RIHF Gradient, 1, 0.062709, 0.1333
3,V100,RIHF Gradient, 2, 0.096791, 0.8402
3,V100,RIHF Gradient, 3, 0.152068, 2.223
3,V100,RIHF Gradient, 4, 0.252706, 3.817
3,V100,RIHF Gradient, 5, 0.398583, 5.55
3,V100,RIHF Gradient, 6, 0.612627, 7.177
3,V100,RIHF Gradient, 7, 0.913944, 8.645
3,V100,RIHF Gradient, 8, 1.293523, 10.18
3,V100,RIHF Gradient, 9, 1.936638, 10.7
3,V100,RIHF Gradient, 10, 2.770861, 11.24
3,V100,RIHF Gradient, 11, 3.727544, 12.08
3,V100,RIHF + RIMP2 Energy, 1, 0.040465, 0.2497
3,V100,RIHF + RIMP2 Energy, 2, 0.085802, 1.256
3,V100,RIHF + RIMP2 Energy, 3, 0.165446, 2.958
3,V100,RIHF + RIMP2 Energy, 4, 0.309459, 4.896
3,V100,RIHF + RIMP2 Energy, 5, 0.539282, 6.945
3,V100,RIHF + RIMP2 Energy, 6, 0.938715, 8.505
3,V100,RIHF + RIMP2 Energy, 7, 1.632344, 9.382
3,V100,RIHF + RIMP2 Energy, 8, 2.646712, 10.26
3,V100,RIHF + RIMP2 Energy, 9, 4.289423, 10.55
3,V100,RIHF + RIMP2 Energy, 10, 6.569614, 10.93
3,V100,RIHF + RIMP2 Energy, 11, 10.064176, 10.49
3,V100,RIHF + RIMP2 Gradient, 1, 0.072923, 0.4126
3,V100,RIHF + RIMP2 Gradient, 2, 0.174624, 1.871
3,V100,RIHF + RIMP2 Gradient, 3, 0.358949, 4.204
3,V100,RIHF + RIMP2 Gradient, 4, 0.733586, 6.477
3,V100,RIHF + RIMP2 Gradient, 5, 1.371635, 8.66
3,V100,RIHF + RIMP2 Gradient, 6, 2.556541, 9.995
3,V100,RIHF + RIMP2 Gradient, 7, 4.47327, 11.05
3,V100,RIHF + RIMP2 Gradient, 8, 7.728182, 11.41
3,V100,RIHF + RIMP2 Gradient, 9, 13.027466, 11.36
3,V100,RIHF + RIMP2 Gradient, 10, 20.051125, 11.77
3,V100,RIHF + RIMP2 Gradient, 11, 30.506918, 11.89
3,V100,RIMP2 Energy, 1, 0.098312, 0.02853
3,V100,RIMP2 Energy, 2, 0.171556, 0.2094
3,V100,RIMP2 Energy, 3, 0.314837, 0.6038
3,V100,RIMP2 Energy, 4, 0.543394, 1.214
3,V100,RIMP2 Energy, 5, 0.852546, 2.09
3,V100,RIMP2 Energy, 6, 1.322604, 3.084
3,V100,RIMP2 Energy, 7, 2.075651, 3.996
3,V100,RIMP2 Energy, 8, 3.079085, 5.013
3,V100,RIMP2 Energy, 9, 4.462064, 6.01
3,V100,RIMP2 Energy, 10, 6.378287, 6.913
3,V100,RIMP2 Energy, 11, 7.430552, 9.09
3,V100,RIMP2 Energy, 12, 10.995101, 9.007
3,V100,RIMP2 Energy, 13, 13.509917, 10.41
3,V100,RIMP2 Energy, 14, 18.438206, 10.68
3,V100,RIMP2 Energy, 15, 23.689836, 11.4
3,V100,RIMP2 Gradient, 1, 0.261851, 0.04927
3,V100,RIMP2 Gradient, 2, 0.704418, 0.2263
3,V100,RIMP2 Gradient, 3, 1.168221, 0.6928
3,V100,RIMP2 Gradient, 4, 1.918023, 1.423
3,V100,RIMP2 Gradient, 5, 3.101863, 2.332
3,V100,RIMP2 Gradient, 6, 4.791846, 3.403
3,V100,RIMP2 Gradient, 7, 7.358057, 4.457
3,V100,RIMP2 Gradient, 8, 11.057367, 5.469
3,V100,RIMP2 Gradient, 9, 16.231634, 6.425
3,V100,RIMP2 Gradient, 10, 22.991337, 7.411
3,V100,RIMP2 Gradient, 11, 32.885077, 8.125
3,V100,RIMP2 Gradient, 12, 45.290767, 8.982
3,V100,RIMP2 Gradient, 13, 65.281065, 9.109
3,V100,RIMP2 Gradient, 14, 87.545092, 9.756
3,V100,RIMP2 Gradient, 15, 117.856415, 10.15
4,A100,HF Energy, 1, 0.092571, 0.001279
4,A100,HF Energy, 2, 0.129697, 0.005451
4,A100,HF Energy, 3, 0.167103, 0.01227
4,A100,HF Energy, 4, 0.25236, 0.0178
4,A100,HF Energy, 5, 0.365553, 0.02287
4,A100,HF Energy, 6, 0.475522, 0.0294
4,A100,HF Energy, 7, 0.628595, 0.0345
4,A100,HF Energy, 8, 0.797657, 0.03986
4,A100,HF Energy, 9, 0.958776, 0.04657
4,A100,HF Energy, 10, 1.131835, 0.05351
4,A100,HF Energy, 11, 1.336929, 0.05975
4,A100,HF Energy, 12, 1.571277, 0.0655
4,A100,HF Energy, 13, 1.813412, 0.07169
4,A100,HF Energy, 14, 2.087883, 0.07734
4,A100,HF Energy, 15, 2.364622, 0.08358
4,A100,HF Gradient, 1, 0.155201, 0.0007837
4,A100,HF Gradient, 2, 0.604529, 0.001198
4,A100,HF Gradient, 3, 0.268509, 0.007822
4,A100,HF Gradient, 4, 0.3884, 0.01185
4,A100,HF Gradient, 5, 0.542305, 0.01579
4,A100,HF Gradient, 6, 0.713518, 0.02007
4,A100,HF Gradient, 7, 0.971379, 0.02287
4,A100,HF Gradient, 8, 1.215201, 0.02681
4,A100,HF Gradient, 9, 1.470837, 0.0311
4,A100,HF Gradient, 10, 1.728034, 0.03591
4,A100,HF Gradient, 11, 2.041632, 0.04009
4,A100,HF Gradient, 12, 2.389401, 0.04413
4,A100,HF Gradient, 13, 2.783132, 0.04786
4,A100,HF Gradient, 14, 3.171624, 0.05216
4,A100,HF Gradient, 15, 3.564466, 0.05681
4,A100,RIHF Energy, 1, 0.032851, 0.2258
4,A100,RIHF Energy, 2, 0.057921, 1.252
4,A100,RIHF Energy, 3, 0.086552, 3.482
4,A100,RIHF Energy, 4, 0.123234, 6.978
4,A100,RIHF Energy, 5, 0.179467, 10.99
4,A100,RIHF Energy, 6, 0.259121, 15.12
4,A100,RIHF Energy, 7, 0.368218, 19.13
4,A100,RIHF Energy, 8, 0.484809, 24.22
4,A100,RIHF Energy, 9, 0.636449, 29.02
4,A100,RIHF Energy, 10, 0.862306, 32.18
4,A100,RIHF Energy, 11, 1.098355, 36.55
4,A100,RIHF Energy, 12, 1.375849, 40.92
4,A100,RIHF Energy, 13, 1.779589, 43.2
4,A100,RIHF Energy, 14, 2.253967, 45.55
4,A100,RIHF Energy, 15, 2.735394, 49.15
4,A100,RIHF Gradient, 1, 0.081455, 0.1043
4,A100,RIHF Gradient, 2, 0.095343, 0.8663
4,A100,RIHF Gradient, 3, 0.107797, 3.185
4,A100,RIHF Gradient, 4, 0.156162, 6.274
4,A100,RIHF Gradient, 5, 0.223426, 10.06
4,A100,RIHF Gradient, 6, 0.310663, 14.38
4,A100,RIHF Gradient, 7, 0.428571, 18.73
4,A100,RIHF Gradient, 8, 0.572687, 23.36
4,A100,RIHF Gradient, 9, 0.766564, 27.46
4,A100,RIHF Gradient, 10, 1.021872, 30.95
4,A100,RIHF Gradient, 11, 1.293115, 35.38
4,A100,RIHF Gradient, 12, 1.611316, 39.82
4,A100,RIHF Gradient, 13, 2.073674, 42.26
4,A100,RIHF Gradient, 14, 2.631698, 44.47
4,A100,RIHF Gradient, 15, 3.186868, 48.09
4,A100,RIHF + RIMP2 Energy, 1, 0.036411, 0.2751
4,A100,RIHF + RIMP2 Energy, 2, 0.065196, 1.63
4,A100,RIHF + RIMP2 Energy, 3, 0.099334, 4.843
4,A100,RIHF + RIMP2 Energy, 4, 0.152724, 9.716
4,A100,RIHF + RIMP2 Energy, 5, 0.244346, 14.96
4,A100,RIHF + RIMP2 Energy, 6, 0.377209, 20.6
4,A100,RIHF + RIMP2 Energy, 7, 0.568928, 26.14
4,A100,RIHF + RIMP2 Energy, 8, 0.856638, 30.72
4,A100,RIHF + RIMP2 Energy, 9, 1.184044, 36.96
4,A100,RIHF + RIMP2 Energy, 10, 1.764206, 39.3
4,A100,RIHF + RIMP2 Energy, 11, 2.425084, 43.49
4,A100,RIHF + RIMP2 Energy, 12, 3.294395, 47.1
4,A100,RIHF + RIMP2 Energy, 13, 4.540834, 48.85
4,A100,RIHF + RIMP2 Energy, 14, 6.188542, 50.0
4,A100,RIHF + RIMP2 Energy, 15, 7.980104, 52.62
4,A100,RIHF + RIMP2 Gradient, 1, 0.1306, 0.2475
4,A100,RIHF + RIMP2 Gradient, 2, 0.125331, 2.731
4,A100,RIHF + RIMP2 Gradient, 3, 0.187849, 8.468
4,A100,RIHF + RIMP2 Gradient, 4, 0.335186, 14.85
4,A100,RIHF + RIMP2 Gradient, 5, 0.547455, 22.61
4,A100,RIHF + RIMP2 Gradient, 6, 0.865297, 30.62
4,A100,RIHF + RIMP2 Gradient, 7, 1.401766, 36.42
4,A100,RIHF + RIMP2 Gradient, 8, 2.193834, 41.41
4,A100,RIHF + RIMP2 Gradient, 9, 3.388241, 44.84
4,A100,RIHF + RIMP2 Gradient, 10, 5.136628, 47.07
4,A100,RIHF + RIMP2 Gradient, 11, 7.209666, 51.24
4,A100,RIHF + RIMP2 Gradient, 12, 10.12697, 53.86
4,A100,RIHF + RIMP2 Gradient, 13, 14.362688, 54.49
4,A100,RIHF + RIMP2 Gradient, 14, 19.914764, 54.98
4,A100,RIHF + RIMP2 Gradient, 15, 26.344899, 56.92
4,A100,RIMP2 Energy, 1, 0.10357, 0.02623
4,A100,RIMP2 Energy, 2, 0.144418, 0.2388
4,A100,RIMP2 Energy, 3, 0.185579, 0.9789
4,A100,RIMP2 Energy, 4, 0.284254, 2.211
4,A100,RIMP2 Energy, 5, 0.419536, 4.033
4,A100,RIMP2 Energy, 6, 0.594301, 6.506
4,A100,RIMP2 Energy, 7, 0.831961, 9.44
4,A100,RIMP2 Energy, 8, 1.146223, 12.74
4,A100,RIMP2 Energy, 9, 1.508055, 16.8
4,A100,RIMP2 Energy, 10, 2.036524, 20.45
4,A100,RIMP2 Energy, 11, 2.666781, 24.53
4,A100,RIMP2 Energy, 12, 3.488271, 28.37
4,A100,RIMP2 Energy, 13, 4.587534, 31.62
4,A100,RIMP2 Energy, 14, 5.99167, 34.53
4,A100,RIMP2 Energy, 15, 7.624736, 37.81
4,A100,RIMP2 Gradient, 1, 0.572126, 0.02458
4,A100,RIMP2 Gradient, 2, 0.366581, 0.4484
4,A100,RIMP2 Gradient, 3, 0.535951, 1.58
4,A100,RIMP2 Gradient, 4, 0.900761, 3.141
4,A100,RIMP2 Gradient, 5, 1.380698, 5.389
4,A100,RIMP2 Gradient, 6, 1.949839, 8.549
4,A100,RIMP2 Gradient, 7, 2.798125, 11.93
4,A100,RIMP2 Gradient, 8, 3.937225, 15.58
4,A100,RIMP2 Gradient, 9, 5.284801, 19.96
4,A100,RIMP2 Gradient, 10, 7.132896, 24.11
4,A100,RIMP2 Gradient, 11, 9.334169, 28.75
4,A100,RIMP2 Gradient, 12, 12.31939, 32.77
4,A100,RIMP2 Gradient, 13, 16.504966, 35.68
4,A100,RIMP2 Gradient, 14, 21.346447, 39.18
4,A100,RIMP2 Gradient, 15, 27.967455, 41.5
4,MI250,HF Energy, 1, 0.227948, 0.0005196
4,MI250,HF Energy, 2, 0.390077, 0.001812
4,MI250,HF Energy, 3, 0.429932, 0.004769
4,MI250,HF Energy, 4, 0.567155, 0.00792
4,MI250,HF Energy, 5, 0.731695, 0.01142
4,MI250,HF Energy, 6, 0.997613, 0.01401
4,MI250,HF Energy, 7, 1.249976, 0.01735
4,MI250,HF Energy, 8, 1.567508, 0.02029
4,MI250,HF Energy, 9, 2.018993, 0.02212
4,MI250,HF Energy, 10, 2.208673, 0.02742
4,MI250,HF Energy, 11, 2.5715, 0.03106
4,MI250,HF Energy, 12, 3.061856, 0.03361
4,MI250,HF Energy, 13, 3.499521, 0.03715
4,MI250,HF Energy, 14, 3.898267, 0.04142
4,MI250,HF Energy, 15, 4.417361, 0.04474
4,MI250,RIHF Energy, 1, 0.049209, 0.1507
4,MI250,RIHF Energy, 2, 0.141652, 0.5119
4,MI250,RIHF Energy, 3, 0.198308, 1.52
4,MI250,RIHF Energy, 4, 0.302937, 2.839
4,MI250,RIHF Energy, 5, 0.462135, 4.267
4,MI250,RIHF Energy, 6, 0.670633, 5.844
4,MI250,RIHF Energy, 7, 0.819249, 8.596
4,MI250,RIHF Energy, 8, 1.071221, 10.96
4,MI250,RIHF Energy, 9, 1.380809, 13.38
4,MI250,RIHF Energy, 10, 1.540949, 18.01
4,MI250,RIHF Energy, 11, 1.951404, 20.57
4,MI250,RIHF Energy, 12, 2.376141, 23.69
4,MI250,RIHF Energy, 13, 2.920197, 26.33
4,MI250,RIHF Energy, 14, 3.451565, 29.75
4,MI250,RIHF Energy, 15, 4.369258, 30.77
4,MI250,RIHF Gradient, 1, 0.114324, 0.07428
4,MI250,RIHF Gradient, 2, 0.23128, 0.3571
4,MI250,RIHF Gradient, 3, 0.304399, 1.128
4,MI250,RIHF Gradient, 4, 0.432396, 2.266
4,MI250,RIHF Gradient, 5, 0.602292, 3.73
4,MI250,RIHF Gradient, 6, 0.847692, 5.268
4,MI250,RIHF Gradient, 7, 1.018377, 7.881
4,MI250,RIHF Gradient, 8, 1.316618, 10.16
4,MI250,RIHF Gradient, 9, 1.762486, 11.94
4,MI250,RIHF Gradient, 10, 1.978223, 15.99
4,MI250,RIHF Gradient, 11, 2.463262, 18.57
4,MI250,RIHF Gradient, 12, 2.970477, 21.6
4,MI250,RIHF Gradient, 13, 3.564676, 24.58
4,MI250,RIHF Gradient, 14, 4.320485, 27.08
4,MI250,RIHF Gradient, 15, 5.223039, 29.34
4,MI250,RIHF + RIMP2 Energy, 1, 0.057038, 0.1756
4,MI250,RIHF + RIMP2 Energy, 2, 0.158739, 0.6697
4,MI250,RIHF + RIMP2 Energy, 3, 0.235354, 2.044
4,MI250,RIHF + RIMP2 Energy, 4, 0.373892, 3.969
4,MI250,RIHF + RIMP2 Energy, 5, 0.57827, 6.322
4,MI250,RIHF + RIMP2 Energy, 6, 0.873383, 8.898
4,MI250,RIHF + RIMP2 Energy, 7, 1.150071, 12.93
4,MI250,RIHF + RIMP2 Energy, 8, 1.557577, 16.89
4,MI250,RIHF + RIMP2 Energy, 9, 2.154912, 20.31
4,MI250,RIHF + RIMP2 Energy, 10, 2.695697, 25.72
4,MI250,RIHF + RIMP2 Energy, 11, 3.635809, 29.01
4,MI250,RIHF + RIMP2 Energy, 12, 4.603949, 33.7
4,MI250,RIHF + RIMP2 Energy, 13, 6.881769, 32.23
4,MI250,RIHF + RIMP2 Energy, 14, 8.080293, 38.17
4,MI250,RIHF + RIMP2 Energy, 15, 10.208562, 40.38
4,MI250,RIHF + RIMP2 Gradient, 1, 0.141935, 0.2277
4,MI250,RIHF + RIMP2 Gradient, 2, 0.289986, 1.18
4,MI250,RIHF + RIMP2 Gradient, 3, 0.503639, 3.158
4,MI250,RIHF + RIMP2 Gradient, 4, 0.914103, 5.447
4,MI250,RIHF + RIMP2 Gradient, 5, 1.522984, 8.129
4,MI250,RIHF + RIMP2 Gradient, 6, 2.579963, 10.27
4,MI250,RIHF + RIMP2 Gradient, 7, 3.473513, 14.7
4,MI250,RIHF + RIMP2 Gradient, 8, 4.64071, 19.57
4,MI250,RIHF + RIMP2 Gradient, 9, 6.499592, 23.38
4,MI250,RIHF + RIMP2 Gradient, 10, 8.889115, 27.2
4,MI250,RIHF + RIMP2 Gradient, 11, 11.872189, 31.11
4,MI250,RIHF + RIMP2 Gradient, 12, 15.715963, 34.71
4,MI250,RIHF + RIMP2 Gradient, 13, 22.221376, 35.22
4,MI250,RIHF + RIMP2 Gradient, 14, 28.162843, 38.88
4,MI250,RIHF + RIMP2 Gradient, 15, 36.211639, 41.64
4,MI250,RIMP2 Energy, 1, 0.188105, 0.01444
4,MI250,RIMP2 Energy, 2, 0.316338, 0.109
4,MI250,RIMP2 Energy, 3, 0.421855, 0.4306
4,MI250,RIMP2 Energy, 4, 0.618808, 1.016
4,MI250,RIMP2 Energy, 5, 0.839252, 2.016
4,MI250,RIMP2 Energy, 6, 1.196636, 3.231
4,MI250,RIMP2 Energy, 7, 1.574337, 4.988
4,MI250,RIMP2 Energy, 8, 2.054579, 7.108
4,MI250,RIMP2 Energy, 9, 2.774922, 9.132
4,MI250,RIMP2 Energy, 10, 3.285936, 12.67
4,MI250,RIMP2 Energy, 11, 4.172646, 15.68
4,MI250,RIMP2 Energy, 12, 5.247085, 18.86
4,MI250,RIMP2 Energy, 13, 7.422868, 19.54
4,MI250,RIMP2 Energy, 14, 8.297614, 24.94
4,MI250,RIMP2 Energy, 15, 10.65167, 26.82
4,V100,HF Energy, 1, 0.201129, 0.0005889
4,V100,HF Energy, 2, 0.166227, 0.004253
4,V100,HF Energy, 3, 0.232874, 0.008804
4,V100,HF Energy, 4, 0.364781, 0.01231
4,V100,HF Energy, 5, 0.52926, 0.01579
4,V100,HF Energy, 6, 0.718467, 0.01946
4,V100,HF Energy, 7, 0.95434, 0.02272
4,V100,HF Energy, 8, 1.233395, 0.02578
4,V100,HF Energy, 9, 1.444493, 0.03091
4,V100,HF Energy, 10, 1.733269, 0.03494
4,V100,HF Energy, 11, 2.069169, 0.03861
4,V100,HF Energy, 12, 2.435962, 0.04225
4,V100,HF Energy, 13, 2.852592, 0.04557
4,V100,HF Energy, 14, 3.285084, 0.04915
4,V100,HF Energy, 15, 3.746862, 0.05275
4,V100,HF Gradient, 1, 0.833175, 0.000146
4,V100,HF Gradient, 2, 0.229949, 0.003149
4,V100,HF Gradient, 3, 0.372514, 0.005638
4,V100,HF Gradient, 4, 0.729361, 0.006309
4,V100,HF Gradient, 5, 0.910005, 0.009411
4,V100,HF Gradient, 6, 1.239436, 0.01156
4,V100,HF Gradient, 7, 1.642433, 0.01353
4,V100,HF Gradient, 8, 2.124255, 0.01534
4,V100,HF Gradient, 9, 2.473032, 0.0185
4,V100,HF Gradient, 10, 2.965819, 0.02092
4,V100,HF Gradient, 11, 3.538438, 0.02313
4,V100,HF Gradient, 12, 4.176046, 0.02525
4,V100,HF Gradient, 13, 4.848037, 0.02748
4,V100,HF Gradient, 14, 5.553453, 0.02979
4,V100,HF Gradient, 15, 6.322125, 0.03203
4,V100,RIHF Energy, 1, 0.034082, 0.2176
4,V100,RIHF Energy, 2, 0.066153, 1.096
4,V100,RIHF Energy, 3, 0.109238, 2.759
4,V100,RIHF Energy, 4, 0.188751, 4.556
4,V100,RIHF Energy, 5, 0.292256, 6.747
4,V100,RIHF Energy, 6, 0.445591, 8.795
4,V100,RIHF Energy, 7, 0.656645, 10.72
4,V100,RIHF Energy, 8, 0.924038, 12.71
4,V100,RIHF Energy, 9, 1.344742, 13.73
4,V100,RIHF Energy, 10, 1.930576, 14.37
4,V100,RIHF Energy, 11, 2.555273, 15.71
4,V100,RIHF Energy, 12, 3.465459, 16.24
4,V100,RIHF Energy, 13, 4.515307, 17.03
4,V100,RIHF Gradient, 1, 0.061671, 0.1377
4,V100,RIHF Gradient, 2, 0.095135, 0.8682
4,V100,RIHF Gradient, 3, 0.149016, 2.304
4,V100,RIHF Gradient, 4, 0.236557, 4.142
4,V100,RIHF Gradient, 5, 0.360368, 6.235
4,V100,RIHF Gradient, 6, 0.537916, 8.302
4,V100,RIHF Gradient, 7, 0.795074, 10.09
4,V100,RIHF Gradient, 8, 1.105466, 12.1
4,V100,RIHF Gradient, 9, 1.616922, 13.02
4,V100,RIHF Gradient, 10, 2.285805, 13.83
4,V100,RIHF Gradient, 11, 3.00005, 15.25
4,V100,RIHF Gradient, 12, 4.011672, 15.99
4,V100,RIHF Gradient, 13, 5.249884, 16.69
4,V100,RIHF + RIMP2 Energy, 1, 0.043367, 0.2309
4,V100,RIHF + RIMP2 Energy, 2, 0.089873, 1.183
4,V100,RIHF + RIMP2 Energy, 3, 0.15504, 3.103
4,V100,RIHF + RIMP2 Energy, 4, 0.279224, 5.314
4,V100,RIHF + RIMP2 Energy, 5, 0.480913, 7.601
4,V100,RIHF + RIMP2 Energy, 6, 0.788782, 9.853
4,V100,RIHF + RIMP2 Energy, 7, 1.375863, 10.81
4,V100,RIHF + RIMP2 Energy, 8, 2.174651, 12.1
4,V100,RIHF + RIMP2 Energy, 9, 3.52957, 12.4
4,V100,RIHF + RIMP2 Energy, 10, 5.375818, 12.9
4,V100,RIHF + RIMP2 Energy, 11, 7.884437, 13.38
4,V100,RIHF + RIMP2 Energy, 12, 10.513252, 14.48
4,V100,RIHF + RIMP2 Energy, 13, 14.464241, 14.74
4,V100,RIHF + RIMP2 Gradient, 1, 0.081082, 0.3987
4,V100,RIHF + RIMP2 Gradient, 2, 0.159124, 2.151
4,V100,RIHF + RIMP2 Gradient, 3, 0.35426, 4.49
4,V100,RIHF + RIMP2 Gradient, 4, 0.698193, 7.131
4,V100,RIHF + RIMP2 Gradient, 5, 1.284929, 9.634
4,V100,RIHF + RIMP2 Gradient, 6, 2.187472, 12.11
4,V100,RIHF + RIMP2 Gradient, 7, 3.674352, 13.89
4,V100,RIHF + RIMP2 Gradient, 8, 5.942105, 15.29
4,V100,RIHF + RIMP2 Gradient, 9, 10.099661, 15.04
4,V100,RIHF + RIMP2 Gradient, 10, 15.417919, 15.68
4,V100,RIHF + RIMP2 Gradient, 11, 23.31932, 15.84
4,V100,RIHF + RIMP2 Gradient, 12, 34.355729, 15.88
4,V100,RIHF + RIMP2 Gradient, 13, 50.131924, 15.73
4,V100,RIMP2 Energy, 1, 0.180724, 0.01503
4,V100,RIMP2 Energy, 2, 0.17005, 0.2028
4,V100,RIMP2 Energy, 3, 0.267657, 0.6787
4,V100,RIMP2 Energy, 4, 0.521638, 1.205
4,V100,RIMP2 Energy, 5, 0.706951, 2.394
4,V100,RIMP2 Energy, 6, 1.077858, 3.587
4,V100,RIMP2 Energy, 7, 1.68201, 4.669
4,V100,RIMP2 Energy, 8, 2.481134, 5.886
4,V100,RIMP2 Energy, 9, 3.621611, 6.997
4,V100,RIMP2 Energy, 10, 5.183178, 8.034
4,V100,RIMP2 Energy, 11, 7.398004, 8.842
4,V100,RIMP2 Energy, 12, 10.361839, 9.552
4,V100,RIMP2 Energy, 13, 10.62246, 13.24
4,V100,RIMP2 Energy, 14, 13.68933, 14.39
4,V100,RIMP2 Energy, 15, 18.624444, 14.5
4,V100,RIMP2 Gradient, 1, 0.506424, 0.02777
4,V100,RIMP2 Gradient, 2, 0.465538, 0.3531
4,V100,RIMP2 Gradient, 3, 0.863328, 0.981
4,V100,RIMP2 Gradient, 4, 1.592578, 1.777
4,V100,RIMP2 Gradient, 5, 2.777427, 2.679
4,V100,RIMP2 Gradient, 6, 3.900889, 4.273
4,V100,RIMP2 Gradient, 7, 5.827671, 5.727
4,V100,RIMP2 Gradient, 8, 8.476923, 7.236
4,V100,RIMP2 Gradient, 9, 12.354514, 8.538
4,V100,RIMP2 Gradient, 10, 17.241309, 9.975
4,V100,RIMP2 Gradient, 11, 24.857189, 10.8
4,V100,RIMP2 Gradient, 12, 34.899824, 11.66
4,V100,RIMP2 Gradient, 13, 49.674252, 11.98
4,V100,RIMP2 Gradient, 14, 67.067563, 12.74
4,V100,RIMP2 Gradient, 15, 89.385684, 13.39
5,MI250,HF Energy, 1, 0.205848, 0.0005757
5,MI250,HF Energy, 2, 0.363341, 0.001947
5,MI250,HF Energy, 3, 0.38991, 0.00526
5,MI250,HF Energy, 4, 0.509248, 0.008822
5,MI250,HF Energy, 5, 0.660711, 0.01265
5,MI250,HF Energy, 6, 0.916159, 0.01526
5,MI250,HF Energy, 7, 1.12498, 0.01928
5,MI250,HF Energy, 8, 1.402341, 0.02268
5,MI250,HF Energy, 9, 1.801383, 0.02479
5,MI250,HF Energy, 10, 1.963259, 0.03085
5,MI250,HF Energy, 11, 2.288435, 0.03491
5,MI250,HF Energy, 12, 2.707133, 0.03802
5,MI250,HF Energy, 13, 3.105468, 0.04187
5,MI250,HF Energy, 14, 3.44408, 0.04689
5,MI250,HF Energy, 15, 3.908197, 0.05057
5,MI250,RIHF Energy, 1, 0.049229, 0.1507
5,MI250,RIHF Energy, 2, 0.144921, 0.5004
5,MI250,RIHF Energy, 3, 0.197753, 1.524
5,MI250,RIHF Energy, 4, 0.297559, 2.89
5,MI250,RIHF Energy, 5, 0.430332, 4.582
5,MI250,RIHF Energy, 6, 0.624956, 6.271
5,MI250,RIHF Energy, 7, 0.817438, 8.615
5,MI250,RIHF Energy, 8, 1.009228, 11.63
5,MI250,RIHF Energy, 9, 1.304803, 14.16
5,MI250,RIHF Energy, 10, 1.486409, 18.67
5,MI250,RIHF Energy, 11, 1.803043, 22.26
5,MI250,RIHF Energy, 12, 2.268739, 24.81
5,MI250,RIHF Energy, 13, 2.61264, 29.43
5,MI250,RIHF Energy, 14, 3.264597, 31.45
5,MI250,RIHF Energy, 15, 3.925692, 34.25
5,MI250,RIHF Gradient, 1, 0.11265, 0.07658
5,MI250,RIHF Gradient, 2, 0.225579, 0.3717
5,MI250,RIHF Gradient, 3, 0.309018, 1.128
5,MI250,RIHF Gradient, 4, 0.422001, 2.357
5,MI250,RIHF Gradient, 5, 0.576554, 3.957
5,MI250,RIHF Gradient, 6, 0.806829, 5.621
5,MI250,RIHF Gradient, 7, 1.036802, 7.86
5,MI250,RIHF Gradient, 8, 1.280433, 10.61
5,MI250,RIHF Gradient, 9, 1.699273, 12.58
5,MI250,RIHF Gradient, 10, 1.979984, 16.22
5,MI250,RIHF Gradient, 11, 2.360269, 19.68
5,MI250,RIHF Gradient, 12, 2.937704, 22.18
5,MI250,RIHF Gradient, 13, 3.300565, 26.96
5,MI250,RIHF Gradient, 14, 4.23858, 28.04
5,MI250,RIHF Gradient, 15, 4.910827, 31.69
5,MI250,RIHF + RIMP2 Energy, 1, 0.058771, 0.1695
5,MI250,RIHF + RIMP2 Energy, 2, 0.164614, 0.6405
5,MI250,RIHF + RIMP2 Energy, 3, 0.24295, 1.958
5,MI250,RIHF + RIMP2 Energy, 4, 0.370202, 3.955
5,MI250,RIHF + RIMP2 Energy, 5, 0.564968, 6.375
5,MI250,RIHF + RIMP2 Energy, 6, 0.842368, 9.075
5,MI250,RIHF + RIMP2 Energy, 7, 1.145903, 12.75
5,MI250,RIHF + RIMP2 Energy, 8, 1.459829, 17.68
5,MI250,RIHF + RIMP2 Energy, 9, 1.978087, 21.68
5,MI250,RIHF + RIMP2 Energy, 10, 2.430954, 27.91
5,MI250,RIHF + RIMP2 Energy, 11, 3.190102, 32.33
5,MI250,RIHF + RIMP2 Energy, 12, 4.092947, 37.04
5,MI250,RIHF + RIMP2 Energy, 13, 5.576421, 38.83
5,MI250,RIHF + RIMP2 Energy, 14, 7.014999, 43.03
5,MI250,RIHF + RIMP2 Energy, 15, 8.85367, 46.53
5,MI250,RIHF + RIMP2 Gradient, 1, 0.143114, 0.2347
5,MI250,RIHF + RIMP2 Gradient, 2, 0.301329, 1.204
5,MI250,RIHF + RIMP2 Gradient, 3, 0.522822, 3.165
5,MI250,RIHF + RIMP2 Gradient, 4, 0.961448, 5.422
5,MI250,RIHF + RIMP2 Gradient, 5, 1.588931, 8.04
5,MI250,RIHF + RIMP2 Gradient, 6, 2.661369, 10.35
5,MI250,RIHF + RIMP2 Gradient, 7, 3.919935, 13.5
5,MI250,RIHF + RIMP2 Gradient, 8, 4.839824, 19.38
5,MI250,RIHF + RIMP2 Gradient, 9, 6.568621, 23.84
5,MI250,RIHF + RIMP2 Gradient, 10, 8.893719, 27.94
5,MI250,RIHF + RIMP2 Gradient, 11, 11.83946, 32.01
5,MI250,RIHF + RIMP2 Gradient, 12, 15.285253, 36.54
5,MI250,RIHF + RIMP2 Gradient, 13, 20.470549, 39.08
5,MI250,RIHF + RIMP2 Gradient, 14, 25.812464, 43.3
5,MI250,RIHF + RIMP2 Gradient, 15, 34.439812, 44.39
5,MI250,RIMP2 Energy, 1, 0.166834, 0.01598
5,MI250,RIMP2 Energy, 2, 0.286793, 0.1172
5,MI250,RIMP2 Energy, 3, 0.387393, 0.4554
5,MI250,RIMP2 Energy, 4, 0.568366, 1.071
5,MI250,RIMP2 Energy, 5, 0.78556, 2.086
5,MI250,RIMP2 Energy, 6, 1.102777, 3.391
5,MI250,RIMP2 Energy, 7, 1.43114, 5.302
5,MI250,RIMP2 Energy, 8, 1.842363, 7.652
5,MI250,RIMP2 Energy, 9, 2.456897, 9.955
5,MI250,RIMP2 Energy, 10, 2.852662, 14.08
5,MI250,RIMP2 Energy, 11, 3.626317, 17.39
5,MI250,RIMP2 Energy, 12, 4.476568, 21.31
5,MI250,RIMP2 Energy, 13, 6.056926, 23.08
5,MI250,RIMP2 Energy, 14, 7.235645, 27.55
5,MI250,RIMP2 Energy, 15, 8.762047, 31.69
6,MI250,HF Energy, 1, 0.201447, 0.0005887
6,MI250,HF Energy, 2, 0.343284, 0.002061
6,MI250,HF Energy, 3, 0.366136, 0.005603
6,MI250,HF Energy, 4, 0.472161, 0.009517
6,MI250,HF Energy, 5, 0.620592, 0.01347
6,MI250,HF Energy, 6, 0.852246, 0.01641
6,MI250,HF Energy, 7, 1.033736, 0.02098
6,MI250,HF Energy, 8, 1.289357, 0.02467
6,MI250,HF Energy, 9, 1.643704, 0.02717
6,MI250,HF Energy, 10, 1.791743, 0.03381000000000001
6,MI250,HF Energy, 11, 2.07952, 0.03842
6,MI250,HF Energy, 12, 2.465342, 0.04175
6,MI250,HF Energy, 13, 2.834896, 0.04586
6,MI250,HF Energy, 14, 3.148902, 0.05128
6,MI250,HF Energy, 15, 3.57967, 0.05522
6,MI250,RIHF Energy, 1, 0.049431, 0.1501
6,MI250,RIHF Energy, 2, 0.1473, 0.4923
6,MI250,RIHF Energy, 3, 0.200623, 1.502
6,MI250,RIHF Energy, 4, 0.298746, 2.878
6,MI250,RIHF Energy, 5, 0.430752, 4.578
6,MI250,RIHF Energy, 6, 0.616845, 6.354
6,MI250,RIHF Energy, 7, 0.785853, 8.961
6,MI250,RIHF Energy, 8, 0.964027, 12.18
6,MI250,RIHF Energy, 9, 1.250238, 14.77
6,MI250,RIHF Energy, 10, 1.401549, 19.8
6,MI250,RIHF Energy, 11, 1.721616, 23.32
6,MI250,RIHF Energy, 12, 2.178475, 25.84
6,MI250,RIHF Energy, 13, 2.503611, 30.71
6,MI250,RIHF Energy, 14, 3.09258, 33.2
6,MI250,RIHF Energy, 15, 3.571193, 37.65
6,MI250,RIHF Gradient, 1, 0.114764, 0.07635
6,MI250,RIHF Gradient, 2, 0.224323, 0.3795
6,MI250,RIHF Gradient, 3, 0.302538, 1.17
6,MI250,RIHF Gradient, 4, 0.426517, 2.368
6,MI250,RIHF Gradient, 5, 0.571617, 4.052
6,MI250,RIHF Gradient, 6, 0.799056, 5.762
6,MI250,RIHF Gradient, 7, 1.006701, 8.218
6,MI250,RIHF Gradient, 8, 1.253345, 11.0
6,MI250,RIHF Gradient, 9, 1.667069, 13.02
6,MI250,RIHF Gradient, 10, 1.887168, 17.27
6,MI250,RIHF Gradient, 11, 2.298208, 20.52
6,MI250,RIHF Gradient, 12, 2.850413, 23.21
6,MI250,RIHF Gradient, 13, 3.195923, 28.27
6,MI250,RIHF Gradient, 14, 3.99406, 30.21
6,MI250,RIHF Gradient, 15, 4.610565, 34.27
6,MI250,RIHF + RIMP2 Energy, 1, 0.057, 0.1748
6,MI250,RIHF + RIMP2 Energy, 2, 0.166023, 0.6317
6,MI250,RIHF + RIMP2 Energy, 3, 0.242744, 1.948
6,MI250,RIHF + RIMP2 Energy, 4, 0.376588, 3.855
6,MI250,RIHF + RIMP2 Energy, 5, 0.569932, 6.261
6,MI250,RIHF + RIMP2 Energy, 6, 0.825651, 9.156
6,MI250,RIHF + RIMP2 Energy, 7, 1.102881, 13.09
6,MI250,RIHF + RIMP2 Energy, 8, 1.415448, 18.0
6,MI250,RIHF + RIMP2 Energy, 9, 1.906946, 22.18
6,MI250,RIHF + RIMP2 Energy, 10, 2.271363, 29.44
6,MI250,RIHF + RIMP2 Energy, 11, 2.988748, 33.99
6,MI250,RIHF + RIMP2 Energy, 12, 3.817762, 39.08
6,MI250,RIHF + RIMP2 Energy, 13, 5.382509, 39.59
6,MI250,RIHF + RIMP2 Energy, 14, 6.554971, 45.28
6,MI250,RIHF + RIMP2 Energy, 15, 7.890562, 51.32
6,MI250,RIHF + RIMP2 Gradient, 1, 0.142587, 0.2551
6,MI250,RIHF + RIMP2 Gradient, 2, 0.312299, 1.245
6,MI250,RIHF + RIMP2 Gradient, 3, 0.527118, 3.262
6,MI250,RIHF + RIMP2 Gradient, 4, 0.940902, 5.735
6,MI250,RIHF + RIMP2 Gradient, 5, 1.652796, 8.138
6,MI250,RIHF + RIMP2 Gradient, 6, 2.683497, 10.66
6,MI250,RIHF + RIMP2 Gradient, 7, 4.007406, 13.55
6,MI250,RIHF + RIMP2 Gradient, 8, 5.543703, 17.49
6,MI250,RIHF + RIMP2 Gradient, 9, 6.625458, 24.35
6,MI250,RIHF + RIMP2 Gradient, 10, 8.648773, 29.56
6,MI250,RIHF + RIMP2 Gradient, 11, 11.577761, 33.62
6,MI250,RIHF + RIMP2 Gradient, 12, 14.957202, 38.29
6,MI250,RIHF + RIMP2 Gradient, 13, 19.810509, 41.53
6,MI250,RIHF + RIMP2 Gradient, 14, 25.294636, 45.18
6,MI250,RIHF + RIMP2 Gradient, 15, 32.237305, 48.64
6,MI250,RIMP2 Energy, 1, 0.155134, 0.01718
6,MI250,RIMP2 Energy, 2, 0.26354, 0.1255
6,MI250,RIMP2 Energy, 3, 0.360962, 0.4809
6,MI250,RIMP2 Energy, 4, 0.527695, 1.13
6,MI250,RIMP2 Energy, 5, 0.75637, 2.122
6,MI250,RIMP2 Energy, 6, 1.049177, 3.484
6,MI250,RIMP2 Energy, 7, 1.371946, 5.406
6,MI250,RIMP2 Energy, 8, 1.755766, 7.839
6,MI250,RIMP2 Energy, 9, 2.275205, 10.5
6,MI250,RIMP2 Energy, 10, 2.600384, 15.07
6,MI250,RIMP2 Energy, 11, 3.322388, 18.52
6,MI250,RIMP2 Energy, 12, 4.111159, 22.63
6,MI250,RIMP2 Energy, 13, 5.696782, 23.93
6,MI250,RIMP2 Energy, 14, 6.383377, 30.44
6,MI250,RIMP2 Energy, 15, 7.896701, 34.28
7,MI250,HF Energy, 1, 0.196558, 0.0006038
7,MI250,HF Energy, 2, 0.336426, 0.002104
7,MI250,HF Energy, 3, 0.347123, 0.005911
7,MI250,HF Energy, 4, 0.447408, 0.01005
7,MI250,HF Energy, 5, 0.591791, 0.01413
7,MI250,HF Energy, 6, 0.797824, 0.01753
7,MI250,HF Energy, 7, 0.993765, 0.02183
7,MI250,HF Energy, 8, 1.257368, 0.0253
7,MI250,HF Energy, 9, 1.547413, 0.02886
7,MI250,HF Energy, 10, 1.6747, 0.03618
7,MI250,HF Energy, 11, 1.952783, 0.04092
7,MI250,HF Energy, 12, 2.310195, 0.04456
7,MI250,HF Energy, 13, 2.666039, 0.04877
7,MI250,HF Energy, 14, 2.953309, 0.05468
7,MI250,HF Energy, 15, 3.349599, 0.05901
7,MI250,RIHF Energy, 1, 0.049717, 0.1492
7,MI250,RIHF Energy, 2, 0.148141, 0.4895
7,MI250,RIHF Energy, 3, 0.1979, 1.523
7,MI250,RIHF Energy, 4, 0.293451, 2.93
7,MI250,RIHF Energy, 5, 0.424891, 4.641
7,MI250,RIHF Energy, 6, 0.611124, 6.413
7,MI250,RIHF Energy, 7, 0.777009, 9.063
7,MI250,RIHF Energy, 8, 1.014655, 11.57
7,MI250,RIHF Energy, 9, 1.223322, 15.1
7,MI250,RIHF Energy, 10, 1.34416, 20.64
7,MI250,RIHF Energy, 11, 1.656294, 24.24
7,MI250,RIHF Energy, 12, 2.034055, 27.68
7,MI250,RIHF Energy, 13, 2.390657, 32.16
7,MI250,RIHF Energy, 14, 2.988395, 34.36
7,MI250,RIHF Energy, 15, 3.469965, 38.75
7,MI250,RIHF Gradient, 1, 0.115497, 0.07704
7,MI250,RIHF Gradient, 2, 0.223535, 0.3865
7,MI250,RIHF Gradient, 3, 0.293871, 1.222
7,MI250,RIHF Gradient, 4, 0.416421, 2.462
7,MI250,RIHF Gradient, 5, 0.561254, 4.188
7,MI250,RIHF Gradient, 6, 0.79586, 5.871
7,MI250,RIHF Gradient, 7, 1.005668, 8.35
7,MI250,RIHF Gradient, 8, 1.298696, 10.78
7,MI250,RIHF Gradient, 9, 1.609948, 13.68
7,MI250,RIHF Gradient, 10, 1.839306, 17.99
7,MI250,RIHF Gradient, 11, 2.291101, 20.9
7,MI250,RIHF Gradient, 12, 2.700073, 24.86
7,MI250,RIHF Gradient, 13, 3.163558, 28.99
7,MI250,RIHF Gradient, 14, 3.909351, 31.32
7,MI250,RIHF Gradient, 15, 4.554838, 35.21
7,MI250,RIHF + RIMP2 Energy, 1, 0.057953, 0.171
7,MI250,RIHF + RIMP2 Energy, 2, 0.168314, 0.6206
7,MI250,RIHF + RIMP2 Energy, 3, 0.250691, 1.88
7,MI250,RIHF + RIMP2 Energy, 4, 0.389981, 3.704
7,MI250,RIHF + RIMP2 Energy, 5, 0.56745, 6.243
7,MI250,RIHF + RIMP2 Energy, 6, 0.852788, 8.796
7,MI250,RIHF + RIMP2 Energy, 7, 1.130153, 12.66
7,MI250,RIHF + RIMP2 Energy, 8, 1.511775, 16.69
7,MI250,RIHF + RIMP2 Energy, 9, 1.914856, 21.87
7,MI250,RIHF + RIMP2 Energy, 10, 2.280887, 29.03
7,MI250,RIHF + RIMP2 Energy, 11, 2.902648, 34.62
7,MI250,RIHF + RIMP2 Energy, 12, 3.652185, 40.4
7,MI250,RIHF + RIMP2 Energy, 13, 4.832355, 43.57
7,MI250,RIHF + RIMP2 Energy, 14, 5.888171, 49.8
7,MI250,RIHF + RIMP2 Energy, 15, 7.347312, 54.42
7,MI250,RIHF + RIMP2 Gradient, 1, 0.142211, 0.2647
7,MI250,RIHF + RIMP2 Gradient, 2, 0.314584, 1.272
7,MI250,RIHF + RIMP2 Gradient, 3, 0.55212, 3.309
7,MI250,RIHF + RIMP2 Gradient, 4, 0.971285, 5.807
7,MI250,RIHF + RIMP2 Gradient, 5, 1.757218, 7.971
7,MI250,RIHF + RIMP2 Gradient, 6, 2.880571, 10.31
7,MI250,RIHF + RIMP2 Gradient, 7, 4.26636, 13.3
7,MI250,RIHF + RIMP2 Gradient, 8, 6.110963, 16.39
7,MI250,RIHF + RIMP2 Gradient, 9, 7.90591, 20.89
7,MI250,RIHF + RIMP2 Gradient, 10, 9.421284, 27.74
7,MI250,RIHF + RIMP2 Gradient, 11, 12.207902, 32.77
7,MI250,RIHF + RIMP2 Gradient, 12, 15.855828, 37.07
7,MI250,RIHF + RIMP2 Gradient, 13, 21.752343, 38.68
7,MI250,RIHF + RIMP2 Gradient, 14, 25.810599, 45.51
7,MI250,RIHF + RIMP2 Gradient, 15, 30.939984, 51.58
7,MI250,RIMP2 Energy, 1, 0.140565, 0.01856
7,MI250,RIMP2 Energy, 2, 0.258272, 0.1264
7,MI250,RIMP2 Energy, 3, 0.342733, 0.5014
7,MI250,RIMP2 Energy, 4, 0.511319, 1.152
7,MI250,RIMP2 Energy, 5, 0.719352, 2.195
7,MI250,RIMP2 Energy, 6, 1.027494, 3.5
7,MI250,RIMP2 Energy, 7, 1.338106, 5.445
7,MI250,RIMP2 Energy, 8, 1.73578, 7.792
7,MI250,RIMP2 Energy, 9, 2.242514, 10.46
7,MI250,RIMP2 Energy, 10, 2.558691, 15.06
7,MI250,RIMP2 Energy, 11, 3.194544, 18.92
7,MI250,RIMP2 Energy, 12, 3.846088, 23.75
7,MI250,RIMP2 Energy, 13, 4.933663, 27.12
7,MI250,RIMP2 Energy, 14, 5.949468, 32.06
7,MI250,RIMP2 Energy, 15, 7.162724, 37.08
8,MI250,HF Energy, 1, 0.196939, 0.000603
8,MI250,HF Energy, 2, 0.316881, 0.002235
8,MI250,HF Energy, 3, 0.334296, 0.00614
8,MI250,HF Energy, 4, 0.428104, 0.0105
8,MI250,HF Energy, 5, 0.562163, 0.01488
8,MI250,HF Energy, 6, 0.793833, 0.01762
8,MI250,HF Energy, 7, 0.957616, 0.02266
8,MI250,HF Energy, 8, 1.198505, 0.02654
8,MI250,HF Energy, 9, 1.466648, 0.03046
8,MI250,HF Energy, 10, 1.596566, 0.03795
8,MI250,HF Energy, 11, 1.872664, 0.04267
8,MI250,HF Energy, 12, 2.218961, 0.04639
8,MI250,HF Energy, 13, 2.555797, 0.05088
8,MI250,HF Energy, 14, 2.84062, 0.05686
8,MI250,HF Energy, 15, 3.220135, 0.06139
8,MI250,RIHF Energy, 1, 0.049919, 0.1486
8,MI250,RIHF Energy, 2, 0.149854, 0.4839
8,MI250,RIHF Energy, 3, 0.196085, 1.537
8,MI250,RIHF Energy, 4, 0.296903, 2.896
8,MI250,RIHF Energy, 5, 0.425767, 4.631
8,MI250,RIHF Energy, 6, 0.610523, 6.419
8,MI250,RIHF Energy, 7, 0.776948, 9.064
8,MI250,RIHF Energy, 8, 0.975717, 12.03
8,MI250,RIHF Energy, 9, 1.237647, 14.92
8,MI250,RIHF Energy, 10, 1.331272, 20.84
8,MI250,RIHF Energy, 11, 1.644012, 24.42
8,MI250,RIHF Energy, 12, 1.995491, 28.21
8,MI250,RIHF Energy, 13, 2.356444, 32.63
8,MI250,RIHF Energy, 14, 2.774821, 37.0
8,MI250,RIHF Energy, 15, 3.344623, 40.2
8,MI250,RIHF Gradient, 1, 0.109347, 0.08259
8,MI250,RIHF Gradient, 2, 0.222752, 0.3935
8,MI250,RIHF Gradient, 3, 0.291102, 1.252
8,MI250,RIHF Gradient, 4, 0.419131, 2.482
8,MI250,RIHF Gradient, 5, 0.582629, 4.094
8,MI250,RIHF Gradient, 6, 0.826423, 5.738
8,MI250,RIHF Gradient, 7, 1.058438, 8.051
8,MI250,RIHF Gradient, 8, 1.307668, 10.86
8,MI250,RIHF Gradient, 9, 1.686161, 13.26
8,MI250,RIHF Gradient, 10, 1.877994, 17.88
8,MI250,RIHF Gradient, 11, 2.315923, 20.98
8,MI250,RIHF Gradient, 12, 2.79525, 24.37
8,MI250,RIHF Gradient, 13, 3.235988, 28.76
8,MI250,RIHF Gradient, 14, 3.914893, 31.74
8,MI250,RIHF Gradient, 15, 4.644498, 35.04
8,MI250,RIHF + RIMP2 Energy, 1, 0.05958, 0.1663
8,MI250,RIHF + RIMP2 Energy, 2, 0.171801, 0.608
8,MI250,RIHF + RIMP2 Energy, 3, 0.25185, 1.864
8,MI250,RIHF + RIMP2 Energy, 4, 0.395977, 3.635
8,MI250,RIHF + RIMP2 Energy, 5, 0.586836, 6.0
8,MI250,RIHF + RIMP2 Energy, 6, 0.868876, 8.579
8,MI250,RIHF + RIMP2 Energy, 7, 1.175771, 12.09
8,MI250,RIHF + RIMP2 Energy, 8, 1.510752, 16.59
8,MI250,RIHF + RIMP2 Energy, 9, 2.023059, 20.55
8,MI250,RIHF + RIMP2 Energy, 10, 2.348769, 27.96
8,MI250,RIHF + RIMP2 Energy, 11, 2.974495, 33.51
8,MI250,RIHF + RIMP2 Energy, 12, 3.717293, 39.36
8,MI250,RIHF + RIMP2 Energy, 13, 4.753135, 43.9
8,MI250,RIHF + RIMP2 Energy, 14, 5.680566, 51.14
8,MI250,RIHF + RIMP2 Energy, 15, 7.181473, 55.15
8,MI250,RIHF + RIMP2 Gradient, 1, 0.14801, 0.263
8,MI250,RIHF + RIMP2 Gradient, 2, 0.33037, 1.246
8,MI250,RIHF + RIMP2 Gradient, 3, 0.565747, 3.311
8,MI250,RIHF + RIMP2 Gradient, 4, 1.008755, 5.722
8,MI250,RIHF + RIMP2 Gradient, 5, 1.744834, 8.2
8,MI250,RIHF + RIMP2 Gradient, 6, 3.10657, 9.92
8,MI250,RIHF + RIMP2 Gradient, 7, 4.668969, 12.58
8,MI250,RIHF + RIMP2 Gradient, 8, 6.440742, 16.06
8,MI250,RIHF + RIMP2 Gradient, 9, 8.914245, 19.29
8,MI250,RIHF + RIMP2 Gradient, 10, 11.498453, 23.56
8,MI250,RIHF + RIMP2 Gradient, 11, 13.214226, 31.1
8,MI250,RIHF + RIMP2 Gradient, 12, 16.949073, 35.66
8,MI250,RIHF + RIMP2 Gradient, 13, 22.739913, 37.83
8,MI250,RIHF + RIMP2 Gradient, 14, 27.652604, 43.39
8,MI250,RIHF + RIMP2 Gradient, 15, 33.867654, 48.18
8,MI250,RIMP2 Energy, 1, 0.1474, 0.0177
8,MI250,RIMP2 Energy, 2, 0.266431, 0.1225
8,MI250,RIMP2 Energy, 3, 0.350349, 0.4854
8,MI250,RIMP2 Energy, 4, 0.51574, 1.133
8,MI250,RIMP2 Energy, 5, 0.722004, 2.158
8,MI250,RIMP2 Energy, 6, 1.033184, 3.435
8,MI250,RIMP2 Energy, 7, 1.331521, 5.401
8,MI250,RIMP2 Energy, 8, 1.78621, 7.474
8,MI250,RIMP2 Energy, 9, 2.242158, 10.32
8,MI250,RIMP2 Energy, 10, 2.582139, 14.71
8,MI250,RIMP2 Energy, 11, 3.206091, 18.6
8,MI250,RIMP2 Energy, 12, 3.916249, 23.02
8,MI250,RIMP2 Energy, 13, 4.838489, 27.26
8,MI250,RIMP2 Energy, 14, 5.67893, 33.11
8,MI250,RIMP2 Energy, 15, 6.767591, 38.69
